"Employment by sex, age and metropolitan regions [met_lfe3emp]",,,,,,,,,,,,,,,,,,,,
,,,,,,,,,,,,,,,,,,,,
Last update,11.10.19,,,,,,,,,,,,,,,,,,,
Extracted on,11.01.20,,,,,,,,,,,,,,,,,,,
Source of data,Eurostat,,,,,,,,,,,,,,,,,,,
,,,,,,,,,,,,,,,,,,,,
AGE,From 15 to 64 years,,,,,,,,,,,,,,,,,,,
SEX,Total,,,,,,,,,,,,,,,,,,,
UNIT,Thousand persons,,,,,,,,,,,,,,,,,,,
,,,,,,,,,,,,,,,,,,,,
METROREG/TIME,1999 - 1999,2000 - 2000,2001 - 2001,2002 - 2002,2003 - 2003,2004 - 2004,2005 - 2005,2006 - 2006,2007 - 2007,2008 - 2008,2009 - 2009,2010 - 2010,2011 - 2011,2012 - 2012,2013 - 2013,2014 - 2014,2015 - 2015,2016 - 2016,2017 - 2017,2018 - 2018
Germany (until 1990 former territory of the FRG),"35,742.4","35,976.7","36,144.8","35,868.8","35,523.0","35,022.5","35,844.7","36,633.0","37,397.2","37,902.3","37,807.8","37,337.1","38,045.4","38,320.6","38,640.0","38,907.7","39,175.9","40,165.1","40,481.6","40,635.7"
Berlin,:,:,:,:,:,:,:,:,:,:,:,:,"2,277.6","2,323.4","2,352.0",:,:,"2,529.9","2,574.8","2,627.9"
Hamburg,"1,412.3","1,425.8","1,448.7","1,425.0","1,422.6","1,397.7","1,435.2","1,485.2","1,517.2","1,544.1","1,562.9","1,518.9","1,539.8","1,559.5","1,574.8",:,:,"1,638.0","1,673.6","1,675.5"
München,"1,241.5","1,255.3","1,284.7","1,273.0","1,252.4","1,248.4","1,262.7","1,296.8","1,321.1","1,343.5","1,350.7","1,345.4","1,380.4","1,415.1","1,455.5",:,:,"1,525.0","1,544.5","1,535.9"
Köln,934.7,942.8,942.1,935.5,921.1,899.8,940.8,956.5,986.6,998.7,"1,006.5",986.6,883.2,892.0,896.0,:,:,981.0,979.5,984.7
Frankfurt am Main,"1,138.5","1,157.0","1,187.9","1,172.9","1,158.1","1,129.8","1,149.6","1,169.6","1,179.2","1,202.1","1,208.8","1,195.5","1,230.3","1,242.5","1,263.4",:,:,"1,322.3","1,344.2","1,370.0"
Stuttgart,"1,230.0","1,236.0","1,248.6","1,256.2","1,240.1","1,233.9","1,255.4","1,272.7","1,285.0","1,305.3","1,297.1","1,249.4","1,273.3","1,287.6","1,314.7",:,:,"1,420.3","1,432.4","1,453.4"
Leipzig,:,:,:,:,:,:,:,:,:,:,:,:,455.1,458.5,466.7,:,:,497.6,492.2,503.8
Dresden,:,:,:,:,:,:,:,:,:,:,:,:,626.6,620.5,621.5,:,:,634.1,650.6,637.4
Düsseldorf,669.7,672.1,685.4,676.8,664.0,655.4,677.4,696.4,705.2,713.4,712.3,697.7,719.3,725.2,730.9,:,:,745.2,753.5,745.7
Bremen,528.2,535.7,538.0,533.9,535.5,518.2,524.3,539.3,558.6,563.4,563.3,967.7,576.4,577.1,579.1,:,:,602.0,615.1,619.0
Hannover,546.4,549.1,548.9,542.7,547.9,543.7,554.0,559.9,574.9,577.3,579.3,122.6,578.9,598.6,602.9,:,:,620.7,616.6,614.8
Nürnberg,574.8,598.3,602.4,586.6,578.1,572.1,580.8,601.2,606.5,625.9,632.8,633.7,641.8,649.4,641.6,:,:,661.8,673.2,670.0
Bielefeld,134.6,135.6,138.9,136.2,134.5,131.3,133.6,132.6,136.6,139.0,137.6,135.0,139.0,142.8,143.1,:,:,157.6,158.8,159.8
Halle an der Saale,:,:,:,:,:,:,:,:,191.3,192.0,192.2,189.5,192.8,190.2,190.7,:,:,198.9,191.7,184.4
Magdeburg,:,:,:,:,:,:,:,:,280.2,280.0,281.2,236.0,241.8,237.7,237.9,:,:,233.3,233.5,231.5
Wiesbaden,200.5,202.7,207.5,205.9,204.1,198.8,201.1,204.7,204.9,207.6,209.2,207.3,214.1,215.5,217.0,:,:,226.7,225.5,212.5
Göttingen,167.6,166.7,165.1,162.4,160.3,156.2,157.5,167.0,168.7,168.1,:,:,:,:,:,:,:,209.1,205.0,215.1
Darmstadt,189.6,193.2,197.8,196.4,194.5,190.0,193.9,198.1,200.1,203.3,204.2,202.5,207.8,209.7,212.4,:,:,213.9,220.4,213.1
Freiburg im Breisgau,255.4,259.0,263.1,273.1,276.1,270.8,280.3,285.6,297.2,297.9,303.8,302.4,305.8,313.0,314.9,:,:,344.2,343.7,338.1
Regensburg,193.4,193.7,199.9,200.0,201.9,201.9,209.4,211.3,214.7,217.4,216.7,215.3,221.6,225.4,231.3,:,:,252.3,246.7,241.1
Schwerin,220.6,224.0,216.8,212.7,210.8,203.6,214.6,220.0,219.8,224.6,224.2,220.0,219.3,212.5,210.7,:,:,156.7,144.8,139.3
Erfurt,243.5,245.2,240.9,236.3,227.7,230.7,228.1,234.2,239.7,247.1,245.8,246.3,250.9,247.7,249.6,:,:,254.6,250.2,249.9
Augsburg,284.2,288.9,294.3,293.3,288.4,286.9,287.9,291.6,299.2,304.5,303.0,305.0,306.7,310.0,316.4,:,:,345.3,361.9,355.6
Bonn,416.2,415.8,415.2,414.3,414.0,410.0,430.5,440.1,453.9,458.7,461.1,451.7,402.5,405.2,404.3,:,:,439.5,438.6,437.5
Karlsruhe,305.7,313.3,320.4,322.6,321.9,319.7,330.1,334.9,344.5,348.7,343.3,337.5,346.6,352.5,362.5,:,:,352.1,380.4,378.0
Mönchengladbach,107.3,107.6,107.9,106.4,104.1,102.7,105.2,107.8,109.8,110.5,109.9,108.1,111.5,111.7,112.2,:,:,118.6,123.1,120.6
Mainz,177.5,:,:,180.3,179.9,173.3,177.1,183.5,189.5,191.0,188.8,187.9,192.4,196.5,199.1,:,:,217.6,219.0,218.7
Ruhrgebiet,"2,097.7","2,099.1","2,113.0","2,089.9","2,058.0","2,018.4","2,064.2","2,104.6","2,136.9","2,168.8","2,155.6","2,111.0","2,158.4","2,165.0","2,168.8",:,:,"2,227.6","2,264.1","2,290.1"
Kiel,263.1,268.1,270.4,265.0,269.1,262.1,267.8,276.5,280.7,286.1,282.2,278.3,282.7,286.3,283.3,:,:,301.5,303.2,314.3
Saarbrücken,350.5,355.6,351.4,350.0,337.6,339.3,342.7,348.8,354.3,361.7,357.7,355.7,355.6,364.3,366.8,:,:,379.4,369.0,368.9
Koblenz,135.7,:,:,135.9,137.3,132.3,139.5,141.3,144.8,144.0,142.9,145.5,147.9,148.5,149.7,:,:,164.8,161.5,159.4
Rostock,269.9,275.5,263.1,256.9,252.8,242.9,254.7,263.4,265.6,274.5,275.9,273.8,275.4,270.7,270.1,:,:,193.0,193.7,191.6
Kaiserslautern,120.0,:,:,119.4,119.0,115.3,117.1,120.7,124.1,125.0,122.1,121.2,123.5,124.5,124.2,:,:,123.9,125.2,124.0
Iserlohn,200.6,200.8,202.7,199.9,196.0,191.8,195.3,198.2,201.2,204.9,195.5,192.4,199.9,199.4,198.2,:,:,194.1,195.2,192.9
Flensburg,112.8,114.3,113.6,110.9,112.9,110.1,113.0,116.0,118.0,119.3,117.2,115.7,117.4,118.5,117.8,:,:,145.3,139.4,144.1
Konstanz,111.2,111.7,113.0,116.3,117.3,115.9,120.0,121.8,126.5,125.6,126.9,125.9,127.2,129.3,129.3,:,:,142.5,149.4,149.4
Gießen,106.4,109.4,112.6,111.8,112.5,109.5,111.7,113.4,114.1,115.0,115.8,113.9,118.1,117.1,119.1,:,:,131.5,127.9,130.2
Bayreuth,116.3,116.4,115.3,114.8,113.1,109.8,110.3,115.1,116.4,117.4,115.3,113.8,119.6,121.3,121.7,:,:,137.1,136.2,124.7
Aschaffenburg,174.6,174.7,177.0,176.3,173.6,172.1,172.2,178.1,179.9,185.4,179.8,178.9,183.6,187.0,188.4,:,:,189.2,189.0,190.1
Neubrandenburg,:,:,:,:,:,:,:,:,:,:,:,:,:,:,:,:,:,118.2,125.7,117.0
Rosenheim,128.9,130.6,132.4,131.9,130.7,131.8,132.5,136.6,139.0,140.5,140.7,141.5,145.6,147.9,150.7,:,:,167.0,170.6,159.5
Offenburg,196.0,197.6,201.3,207.2,209.3,206.0,212.4,217.0,226.2,226.8,227.4,225.5,227.5,230.3,230.1,:,:,213.6,217.3,229.7
Görlitz,:,:,:,:,:,:,:,:,:,:,:,:,114.0,111.1,110.4,:,:,111.7,103.3,107.7
Schweinfurt,121.4,121.9,123.6,124.3,124.4,123.2,123.3,127.8,129.4,132.9,129.6,129.5,132.1,134.3,135.4,:,:,134.9,135.7,145.7
Wetzlar,110.9,113.5,117.7,116.1,116.8,113.8,116.9,118.8,120.2,122.0,120.5,118.1,122.5,121.5,122.6,:,:,122.9,122.1,121.8
Braunschweig-Salzgitter-Wolfsburg,433.0,432.9,430.0,426.6,425.9,419.2,422.2,442.8,444.9,451.6,458.1,447.8,463.2,466.3,464.7,:,:,475.8,475.9,476.7
Mannheim-Ludwigshafen,509.1,:,:,512.1,510.8,497.8,506.4,520.4,534.4,540.5,532.5,525.3,537.6,546.9,556.6,:,:,557.6,571.5,566.9
Münster,198.3,203.0,205.7,207.0,208.2,206.1,213.0,220.2,225.2,228.5,229.5,230.8,237.8,241.2,243.7,:,:,274.8,265.9,279.0
Aachen,:,:,:,:,:,:,:,:,:,:,:,:,233.1,234.6,234.4,:,:,262.0,256.0,248.3
Lübeck,170.5,171.1,172.0,168.4,171.9,166.1,169.8,174.1,176.4,179.3,177.0,175.8,179.8,183.2,181.6,:,:,182.2,188.5,187.9
Kassel,182.7,184.5,185.0,184.8,178.0,179.5,182.7,183.6,188.1,190.1,190.2,191.7,200.7,201.8,202.4,:,:,196.1,215.7,209.4
Osnabrück,230.1,234.4,234.8,232.9,231.8,228.7,237.3,238.5,246.8,247.7,246.3,246.6,252.9,254.2,260.0,:,:,257.2,253.6,259.4
Oldenburg (Oldenburg),166.4,168.8,169.5,169.3,169.5,166.7,173.9,174.0,181.0,182.5,184.9,186.5,192.7,193.3,199.1,:,:,204.3,210.9,215.5
Heidelberg,282.7,288.7,295.5,297.3,296.5,292.6,300.7,302.5,311.3,314.8,311.4,305.5,312.4,316.3,324.1,:,:,358.2,351.1,355.5
Paderborn,121.9,123.1,126.6,126.1,126.0,124.2,127.5,127.5,131.7,134.3,134.4,133.3,137.3,141.8,142.0,:,:,152.0,147.2,151.1
Würzburg,223.7,224.5,227.9,230.1,228.7,227.1,226.5,234.1,237.0,244.2,240.1,239.6,245.4,250.2,253.6,:,:,260.7,261.6,269.6
Bremerhaven,128.3,129.8,129.3,127.4,125.3,120.4,120.9,125.4,129.3,131.0,133.7,133.0,134.5,134.9,134.6,:,:,134.7,135.5,140.7
Heilbronn,199.6,200.8,204.2,206.1,203.4,203.8,207.5,213.2,217.4,222.8,221.7,215.3,220.4,222.5,225.9,:,:,248.8,250.3,255.4
Ulm,218.6,224.2,225.7,226.6,221.2,220.4,225.4,229.0,234.5,240.9,238.3,238.2,243.5,242.5,245.9,:,:,244.7,253.0,257.1
Pforzheim,141.6,144.2,146.6,146.5,145.6,144.3,148.4,149.4,153.6,154.9,149.5,146.6,150.7,152.9,157.5,:,:,151.2,155.3,165.1
Ingolstadt,208.8,211.0,215.7,215.0,215.8,216.9,219.2,227.1,232.4,237.1,238.1,239.0,244.8,250.0,256.1,:,:,259.5,264.4,268.9
Reutlingen,131.6,135.8,136.1,136.3,132.4,131.1,135.2,135.6,136.8,139.4,139.1,136.0,139.8,139.8,142.2,:,:,136.5,139.6,138.6
Siegen,181.2,:,:,182.9,181.7,177.1,183.1,186.4,190.8,194.7,190.4,188.6,193.7,194.6,193.8,:,:,195.8,200.0,198.1
Hildesheim,122.2,121.5,122.5,121.9,121.8,120.0,122.3,123.1,126.6,126.3,125.3,65.7,122.7,126.4,126.5,:,:,128.0,134.5,137.3
Zwickau,:,:,:,:,:,:,:,:,:,:,:,:,152.2,149.7,151.1,:,:,156.8,154.1,148.0
Wuppertal,156.5,156.3,157.6,153.6,149.2,145.7,147.6,150.8,152.6,153.0,148.7,146.1,150.7,150.5,150.6,:,:,156.0,165.6,168.3
Düren,:,:,:,:,:,:,:,:,:,:,133.6,130.2,115.6,116.2,116.3,:,:,119.5,112.7,120.0
Bocholt,:,:,:,:,:,:,:,:,:,:,167.5,168.3,172.9,175.0,176.6,:,:,191.5,193.2,201.6
Non-metropolitan regions in Germany,:,:,:,:,:,:,:,:,:,:,:,:,:,:,:,:,:,"12,765.0","12,803.9","12,823.2"
Ireland,"1,555.2","1,637.2","1,687.9","1,728.0","1,758.0","1,801.7","1,915.1","2,004.6","2,177.0","2,152.3","1,970.0","1,879.0","1,840.3","1,830.7","1,885.0","1,932.8","1,994.7","2,066.4","2,125.1","2,180.0"
Dublin,664.7,699.4,719.7,729.5,737.8,746.5,790.0,827.1,902.4,892.6,:,:,:,812.7,826.0,863.4,894.8,929.3,956.3,997.6
Cork,223.9,235.9,241.0,246.5,251.3,261.8,279.0,290.1,314.4,311.6,:,:,:,275.3,284.5,279.6,289.1,299.3,307.2,312.8
Non-metropolitan regions in Ireland,666.5,701.8,727.2,752.0,768.9,793.4,846.1,887.4,960.2,948.1,:,:,:,742.7,774.6,789.8,810.8,837.8,861.6,869.7
Spain,"14,517.4","15,333.0","15,967.3","16,663.1","17,311.4","17,903.8","19,068.0","19,792.3","20,436.9","20,316.5","18,957.5","18,573.7","18,270.9","17,476.8","17,001.6","17,210.5","17,717.5","18,182.7","18,648.5","19,136.3"
Madrid,"2,057.2","2,159.3","2,336.4","2,527.1","2,621.3","2,741.9","2,899.8","2,999.1","3,100.9","3,101.9","2,961.8","2,915.7","2,867.6","2,783.8","2,695.6","2,691.9","2,782.4","2,811.6","2,880.6","2,960.3"
Barcelona,"1,955.9","2,062.8","2,106.8","2,175.9","2,263.7","2,347.8","2,495.1","2,567.2","2,635.5","2,636.2","2,408.5","2,374.5","2,343.4","2,210.4","2,159.2","2,215.9","2,246.2","2,345.2","2,414.7","2,472.5"
Valencia,790.5,869.8,908.4,938.5,980.6,"1,017.9","1,076.0","1,130.0","1,171.7","1,154.4","1,029.8","1,007.9",986.1,936.1,909.8,924.6,969.8,985.8,"1,015.4","1,052.8"
Sevilla,502.8,535.7,575.2,620.4,636.0,660.2,711.2,737.6,758.4,755.5,695.8,682.6,676.6,641.7,613.6,625.1,654.2,663.4,693.7,719.7
Zaragoza,330.5,349.8,355.7,362.2,378.4,396.2,419.3,424.5,454.6,450.1,418.7,405.2,391.5,391.4,374.3,377.9,391.3,399.9,411.0,417.9
Málaga - Marbella,388.8,417.7,432.2,484.4,488.8,511.7,577.8,603.3,631.8,598.8,552.9,540.9,524.4,511.1,496.7,532.4,564.4,572.1,584.0,624.8
Murcia - Cartagena,405.7,447.7,460.7,487.2,524.8,544.4,577.7,604.2,633.9,621.6,569.7,559.4,541.5,523.7,510.2,526.7,527.9,559.4,577.4,587.8
Las Palmas,:,:,:,295.2,311.3,317.9,336.5,353.7,359.1,334.5,306.8,296.6,295.3,290.6,290.8,291.3,306.5,312.5,324.7,346.6
Valladolid,190.9,197.4,196.0,203.3,207.4,204.1,223.0,236.6,242.2,240.4,230.4,225.7,224.4,216.4,207.6,205.3,212.1,213.7,211.9,221.5
Palma de Mallorca,:,:,:,323.0,338.1,348.9,362.5,385.0,397.0,399.7,374.4,368.2,359.1,358.5,363.5,371.5,390.9,405.3,406.9,422.1
Vitoria/Gasteiz,122.6,121.3,127.6,133.4,137.7,142.1,141.5,145.7,147.8,154.6,144.6,145.8,147.5,135.7,134.9,133.3,133.5,136.0,135.4,141.1
Oviedo - Gijón,334.5,347.7,360.4,368.6,377.6,386.9,404.7,423.9,433.2,451.7,423.4,409.7,398.5,379.6,365.1,373.3,373.2,381.9,390.4,385.7
Pamplona/Iruña,222.6,238.7,241.5,248.6,253.2,256.3,275.9,284.2,293.3,292.5,281.2,279.1,277.6,264.6,255.8,261.3,262.6,265.0,276.5,279.7
Santander,177.5,188.8,204.5,210.5,220.4,225.2,239.3,250.0,259.6,262.3,249.1,241.5,237.9,231.8,221.2,224.2,226.5,232.8,235.5,239.0
Bilbao,410.9,439.5,444.8,457.3,469.3,475.2,504.6,518.6,514.7,513.4,485.7,495.0,486.2,467.3,451.2,446.8,448.8,460.8,468.7,469.8
Córdoba,:,:,:,:,:,:,:,:,:,:,280.8,274.6,262.7,247.1,244.5,245.0,258.5,264.6,269.0,275.2
Alicante/Alacant - Elche/Elx,528.9,538.1,569.6,607.6,633.7,696.6,727.5,757.3,770.2,775.2,714.0,679.1,673.5,643.5,642.8,654.6,675.0,713.4,735.9,741.5
Vigo,324.0,339.5,343.1,343.6,361.9,372.5,388.2,401.9,415.4,411.6,389.3,370.0,360.2,344.2,337.9,334.2,338.2,348.2,350.7,359.9
Santa Cruz de Tenerife,:,:,:,295.4,314.2,318.6,338.8,353.8,370.3,351.0,327.9,324.2,332.0,315.5,305.0,314.1,338.9,350.9,358.0,379.3
A Coruña,385.1,397.4,404.2,415.1,436.1,434.4,465.2,474.7,483.8,491.0,485.3,464.5,459.4,447.9,428.9,425.9,435.3,444.9,448.9,457.9
Granada,226.6,237.7,246.1,271.8,286.8,293.7,313.2,338.9,349.3,335.3,310.0,302.1,301.3,281.2,278.6,283.5,303.1,308.7,323.3,325.7
Guipúzcoa,:,:,:,:,:,:,:,:,:,:,314.7,314.5,315.3,294.1,281.3,279.9,287.8,298.3,294.8,305.0
Cádiz,:,:,:,:,:,:,:,:,:,:,409.9,395.7,387.3,370.8,348.9,337.2,359.2,379.0,394.2,403.7
Non-metropolitan regions in Spain,:,:,:,"4,893.9","5,069.9","5,211.2","5,590.1","5,802.2","6,014.0","5,984.7","4,592.9","4,501.1","4,421.6","4,189.7","4,084.0","4,134.8","4,231.1","4,329.2","4,446.9","4,547.0"
United Kingdom,"26,409.5","26,804.4","27,114.2","27,253.7","27,516.8","27,763.2","28,162.4","28,417.3","28,621.9","28,827.3","28,318.6","28,289.6","28,404.2","28,649.9","28,916.6","29,558.8","30,019.6","30,443.6","30,785.5","31,112.0"
London,:,:,:,:,:,:,:,:,:,:,:,"6,140.3","6,192.7","6,301.5","6,485.2","6,622.6","6,753.4","6,900.5","6,961.9","7,081.0"
West Midlands urban area,:,:,:,:,:,:,:,:,:,:,936.5,961.7,960.9,989.3,979.7,"1,003.1","1,000.9","1,039.3","1,047.7","1,093.2"
Leeds,:,:,:,:,:,:,:,:,:,:,768.6,754.9,729.3,766.5,770.9,776.3,807.0,823.8,827.7,831.2
Glasgow,733.2,684.0,705.6,715.8,739.4,733.8,813.9,821.4,840.6,822.5,:,:,:,:,824.4,830.4,872.1,884.7,877.3,893.8
Bradford,335.5,339.1,342.6,345.2,358.3,359.9,374.1,365.6,365.5,378.4,206.3,203.4,204.6,212.5,210.0,219.1,218.7,223.7,216.7,217.5
Liverpool,:,:,:,:,:,:,:,:,:,:,:,721.2,734.3,751.5,750.8,726.2,758.2,761.9,758.5,804.2
Edinburgh,369.5,376.4,391.8,391.8,390.5,401.0,404.8,393.6,413.0,415.3,:,:,:,:,425.5,408.2,415.1,419.2,445.2,459.0
Manchester,:,:,:,:,:,:,:,:,:,:,:,"1,563.2","1,578.7","1,579.1","1,585.5","1,651.8","1,676.6","1,701.2","1,749.7","1,733.5"
Cardiff,431.8,420.0,420.9,424.3,452.6,460.8,455.9,468.3,471.3,474.5,475.7,471.1,473.8,479.0,504.2,497.5,513.4,514.9,530.2,554.6
Sheffield,223.2,220.9,220.7,233.4,240.8,223.1,238.2,228.0,233.3,234.9,222.9,223.0,233.4,237.8,248.4,261.5,246.4,246.7,245.4,265.9
Bristol,468.0,493.3,488.2,494.7,495.5,485.0,518.9,528.4,534.7,539.2,506.5,512.4,504.3,495.4,521.3,520.3,542.9,549.3,565.9,596.1
Belfast,256.0,260.3,271.6,267.5,278.7,266.0,:,:,:,:,:,:,:,:,331.8,336.1,330.5,357.7,353.2,350.8
Newcastle upon Tyne,438.3,449.4,467.4,477.8,492.2,474.6,490.4,499.5,508.7,501.0,507.3,498.3,495.2,514.9,503.1,533.0,514.1,541.2,525.5,523.1
Leicester,907.0,925.3,908.5,913.8,919.6,943.1,947.4,986.8,977.2,952.8,615.7,611.6,615.2,629.4,595.2,626.8,639.3,658.6,649.7,644.4
Aberdeen,:,:,:,:,:,:,:,:,:,:,247.0,244.6,242.2,251.3,236.1,257.9,258.2,247.2,245.4,238.4
Cambridge,:,:,:,:,:,:,:,:,:,:,463.7,301.3,291.7,301.3,306.7,323.9,321.4,317.8,322.2,315.4
Exeter,307.2,299.5,318.5,328.6,333.0,330.6,335.4,341.8,343.0,352.1,32.5,327.8,341.7,342.9,328.7,330.1,342.0,347.4,349.7,351.9
Portsmouth,:,:,:,:,:,:,:,:,:,:,:,309.7,299.0,300.9,299.4,311.3,293.1,309.3,314.3,315.2
Coventry,475.2,478.6,488.9,492.8,488.2,485.4,510.2,507.4,515.8,502.4,380.3,388.4,378.1,390.4,378.8,402.3,423.6,434.7,439.0,450.6
Kingston upon Hull,237.9,248.9,246.0,245.9,251.9,267.1,259.8,271.0,275.4,271.5,259.3,257.8,262.0,262.0,263.7,265.8,262.1,266.6,260.3,275.2
Stoke-on-Trent,483.5,494.2,495.6,496.5,513.9,499.4,498.1,511.3,509.0,519.4,509.4,498.8,500.1,494.5,494.9,484.6,508.9,526.7,540.9,520.2
Nottingham,103.9,107.4,110.2,109.4,105.0,110.8,117.3,126.0,126.4,128.7,113.5,100.4,118.1,123.4,120.0,129.1,144.7,134.9,132.5,135.1
Kirklees,:,:,:,:,:,:,:,:,:,:,280.4,286.0,277.9,276.1,277.7,273.5,292.1,289.2,301.6,285.0
Doncaster,317.6,305.6,313.3,314.6,330.3,336.4,346.3,332.0,330.4,321.3,322.2,336.6,337.0,349.4,356.6,364.4,341.6,349.2,368.9,371.4
Sunderland,105.4,112.1,116.0,116.6,116.9,117.4,119.9,123.7,126.5,125.1,111.9,108.1,111.3,115.7,117.9,111.6,120.2,110.8,133.1,120.8
Medway,726.5,727.9,753.8,717.9,699.8,728.8,773.3,749.9,784.1,774.9,772.4,104.9,109.4,117.5,109.9,122.3,126.8,126.3,127.9,141.7
Brighton and Hove,428.2,420.0,445.3,451.5,451.1,443.5,432.0,458.1,454.6,471.4,443.9,130.1,131.2,135.2,140.6,138.1,138.1,145.5,155.6,149.6
Plymouth,:,:,:,:,:,:,:,:,:,:,65.3,121.4,116.5,114.0,106.3,121.1,132.9,123.5,124.6,125.0
Swansea,188.3,192.4,196.5,196.9,203.3,210.9,206.3,214.0,216.9,215.2,217.1,198.9,198.0,213.6,218.0,216.5,221.3,233.5,231.4,227.8
Derby,91.9,97.0,96.8,99.4,98.9,99.0,101.4,104.1,105.8,107.5,113.7,108.1,111.8,114.3,116.6,114.0,124.5,130.2,123.8,109.8
Southampton,366.6,365.2,371.4,373.8,370.9,371.5,362.4,372.5,387.3,396.6,:,351.9,343.2,345.5,363.2,363.5,365.9,367.5,377.4,384.3
Northampton,:,:,:,:,:,:,:,:,:,:,191.7,179.3,181.7,180.8,178.8,193.1,187.3,197.1,198.5,200.0
Bournemouth,135.9,139.9,136.0,143.2,138.6,143.1,139.6,137.4,141.3,143.8,135.9,151.5,147.2,153.0,165.2,146.3,161.0,157.8,168.6,168.1
Colchester,:,:,:,:,:,:,:,:,:,:,:,205.2,214.7,198.1,196.0,192.4,219.1,217.8,218.8,236.7
Blackburn - Blackpool - Preston,:,:,:,:,:,:,:,:,:,:,:,309.7,292.4,289.6,277.2,274.3,307.9,316.9,317.5,315.9
Middlesbrough,205.8,216.2,215.9,220.5,216.1,232.6,237.2,239.8,237.7,231.0,229.4,242.5,225.3,219.9,220.9,235.2,237.6,236.3,243.5,234.6
Oxford,:,:,:,:,:,:,:,:,:,:,311.2,297.6,309.7,317.1,324.8,323.1,334.3,339.1,338.9,351.9
Norwich,:,:,:,:,:,:,:,:,:,:,:,152.2,168.0,165.6,173.9,171.2,172.2,174.2,175.1,169.9
Cheshire West and Chester,:,:,:,:,:,:,:,:,:,:,301.7,290.9,285.8,269.8,279.8,278.9,282.8,283.4,279.6,284.7
Ipswich,481.2,475.0,497.5,485.0,487.9,499.7,502.3,505.2,525.5,531.4,527.6,332.4,352.6,352.4,331.9,348.5,346.5,349.4,358.8,360.2
Non-metropolitan regions in United Kingdom,:,:,:,:,:,:,:,:,:,:,:,:,:,:,"7,685.6","7,939.8","7,934.1","7,962.4","8,070.4","8,100.1"
,,,,,,,,,,,,,,,,,,,,
Special value:,,,,,,,,,,,,,,,,,,,,
:,not available,,,,,,,,,,,,,,,,,,,
,,,,,,,,,,,,,,,,,,,,
AGE,From 15 to 64 years,,,,,,,,,,,,,,,,,,,
SEX,Males,,,,,,,,,,,,,,,,,,,
UNIT,Thousand persons,,,,,,,,,,,,,,,,,,,
,,,,,,,,,,,,,,,,,,,,
METROREG/TIME,1999 - 1999,2000 - 2000,2001 - 2001,2002 - 2002,2003 - 2003,2004 - 2004,2005 - 2005,2006 - 2006,2007 - 2007,2008 - 2008,2009 - 2009,2010 - 2010,2011 - 2011,2012 - 2012,2013 - 2013,2014 - 2014,2015 - 2015,2016 - 2016,2017 - 2017,2018 - 2018
Germany (until 1990 former territory of the FRG),"20,152.2","20,188.0","20,135.5","19,855.9","19,529.4","19,230.4","19,636.0","20,000.4","20,378.4","20,631.2","20,400.8","20,019.1","20,337.5","20,512.0","20,583.9","20,697.8","20,808.1","21,375.4","21,552.2","21,607.8"
Berlin,:,:,:,:,:,:,:,:,:,:,:,:,"1,170.7","1,204.9","1,217.1",:,:,"1,316.6","1,339.0","1,364.8"
Hamburg,782.8,789.7,801.2,782.4,774.0,768.6,786.5,807.2,829.4,836.5,839.3,803.0,809.8,822.6,825.1,:,:,858.9,872.6,876.0
München,665.9,675.3,691.8,687.9,677.0,672.1,678.6,687.6,698.0,705.7,706.3,701.9,716.2,738.9,758.3,:,:,801.8,818.3,803.8
Köln,541.7,536.6,530.6,527.4,515.8,501.6,516.6,521.0,536.2,543.9,544.1,530.7,470.3,472.8,472.6,:,:,514.0,514.4,518.0
Frankfurt am Main,638.5,646.6,659.4,650.7,637.9,622.4,635.7,642.3,643.2,651.7,651.6,637.0,657.5,662.9,670.3,:,:,712.5,719.6,728.8
Stuttgart,688.9,696.7,699.5,698.2,680.8,677.2,693.2,695.1,697.4,707.4,696.8,671.6,678.2,688.8,698.4,:,:,767.7,775.1,776.5
Leipzig,:,:,:,:,:,:,:,:,:,:,:,:,238.3,236.3,240.3,:,:,256.4,252.1,259.1
Dresden,:,:,:,:,:,:,:,:,:,:,:,:,330.3,333.3,328.0,:,:,336.9,347.0,339.9
Düsseldorf,377.4,374.0,379.0,370.5,358.6,352.2,361.4,369.3,370.5,378.2,376.1,366.3,373.5,379.8,382.0,:,:,394.2,399.7,393.8
Bremen,301.8,303.3,302.0,298.8,296.1,289.3,290.9,297.8,307.3,308.6,303.6,507.1,307.8,311.5,309.2,:,:,319.1,328.3,333.6
Hannover,303.2,300.1,298.9,292.7,293.9,295.4,297.9,300.4,303.9,304.3,305.1,67.2,299.0,314.3,313.5,:,:,328.3,327.5,325.9
Nürnberg,321.7,329.8,329.5,320.1,314.9,310.0,314.8,323.0,323.0,331.8,336.7,331.7,335.2,341.0,336.2,:,:,347.7,358.9,360.5
Bielefeld,73.6,74.1,74.7,73.0,70.9,69.6,69.8,68.9,71.8,73.6,72.3,70.6,73.4,75.1,75.0,:,:,84.5,83.9,87.3
Halle an der Saale,:,:,:,:,:,:,:,:,98.8,100.2,98.5,98.2,100.0,98.3,99.2,:,:,102.7,97.6,96.0
Magdeburg,:,:,:,:,:,:,:,:,145.6,148.1,146.7,123.2,126.5,123.9,124.9,:,:,124.2,122.5,123.9
Wiesbaden,108.8,109.8,111.7,111.0,109.2,105.9,107.6,108.6,107.9,108.9,109.0,106.8,110.5,111.3,111.4,:,:,120.4,117.0,111.1
Göttingen,91.3,90.8,88.3,87.3,84.6,81.6,82.7,86.3,87.6,87.6,:,:,:,:,:,:,:,108.9,104.9,110.9
Darmstadt,107.6,109.3,111.3,110.8,109.0,106.4,109.1,110.6,111.3,112.2,111.8,109.5,112.7,113.4,114.0,:,:,113.6,117.6,113.7
Freiburg im Breisgau,137.7,138.6,139.1,143.7,144.0,141.3,145.6,147.7,151.7,153.0,154.4,153.8,155.6,160.2,160.7,:,:,174.0,173.2,174.7
Regensburg,107.9,108.2,109.9,110.3,110.6,111.1,116.2,116.7,118.1,119.3,118.7,116.9,119.9,121.2,124.4,:,:,134.2,130.3,130.7
Schwerin,121.3,123.7,117.9,115.4,113.6,109.7,115.0,118.6,119.7,121.8,120.6,117.2,118.0,113.4,112.1,:,:,82.4,76.0,73.8
Erfurt,131.4,132.7,130.9,126.3,121.0,122.0,120.9,125.2,128.1,132.7,128.9,129.6,132.7,131.2,131.6,:,:,135.1,133.5,133.5
Augsburg,158.6,160.2,163.8,162.0,159.1,157.7,159.6,161.1,165.3,166.6,164.4,163.4,164.8,166.5,171.4,:,:,184.0,195.8,189.4
Bonn,229.3,226.3,224.2,224.7,223.4,221.3,228.8,232.5,239.9,243.4,242.9,237.0,209.0,209.3,207.8,:,:,226.0,229.5,226.1
Karlsruhe,171.9,175.0,176.5,176.0,175.3,175.0,180.4,183.3,187.1,189.4,184.3,180.5,186.1,189.3,193.3,:,:,192.2,206.0,207.8
Mönchengladbach,62.0,61.4,61.2,59.8,57.8,56.9,57.8,59.0,59.5,60.2,59.7,58.5,59.6,60.1,60.2,:,:,63.3,65.4,66.6
Mainz,96.6,:,:,97.6,96.7,91.9,94.1,95.4,98.8,100.4,98.3,96.7,98.0,99.7,101.2,:,:,114.9,114.7,113.3
Ruhrgebiet,"1,234.7","1,219.2","1,218.7","1,189.1","1,156.8","1,128.6","1,145.5","1,163.7","1,178.5","1,199.6","1,178.1","1,149.3","1,163.3","1,171.8","1,164.4",:,:,"1,195.9","1,215.7","1,226.5"
Kiel,147.2,149.5,148.9,145.4,145.8,143.0,145.2,148.3,151.9,153.9,151.3,145.6,147.6,150.2,148.2,:,:,157.3,155.0,161.3
Saarbrücken,202.6,204.1,204.7,200.2,189.4,192.1,190.4,193.4,197.3,200.2,197.6,194.5,194.1,200.6,199.7,:,:,200.5,196.2,195.9
Koblenz,75.1,:,:,74.7,74.9,73.1,74.7,75.8,76.5,77.1,75.4,76.9,78.6,78.5,79.0,:,:,86.6,84.8,85.0
Rostock,148.1,151.3,141.7,137.9,134.0,128.8,134.2,138.9,142.0,145.8,146.2,143.4,145.1,141.8,140.8,:,:,99.9,101.4,100.8
Kaiserslautern,69.5,:,:,68.0,67.2,64.5,65.6,66.4,68.7,69.6,66.9,65.7,66.4,66.3,66.2,:,:,69.1,68.1,66.0
Iserlohn,117.4,115.8,116.7,113.8,110.9,108.1,110.1,111.8,114.1,116.6,109.4,107.4,110.4,110.4,108.4,:,:,104.0,104.7,105.4
Flensburg,62.8,63.3,62.0,60.2,60.2,59.4,60.7,61.7,63.0,62.9,61.4,59.5,60.3,61.4,60.7,:,:,74.0,72.1,75.1
Konstanz,60.9,60.5,60.1,61.5,61.5,60.8,62.8,63.3,64.7,64.4,64.1,63.4,64.2,65.6,65.4,:,:,76.2,75.5,76.9
Gießen,58.2,59.1,60.3,58.8,58.5,56.5,58.0,59.1,59.5,60.0,60.1,59.2,61.4,61.3,61.5,:,:,72.1,68.0,69.7
Bayreuth,63.2,63.6,62.4,61.0,60.3,58.5,59.3,62.0,62.7,62.7,61.4,60.6,63.3,64.0,63.8,:,:,69.5,69.4,65.5
Aschaffenburg,103.1,103.8,103.1,102.4,99.4,96.7,98.2,101.6,102.5,105.7,101.6,99.8,101.5,104.8,103.3,:,:,101.4,103.0,103.3
Neubrandenburg,:,:,:,:,:,:,:,:,:,:,:,:,:,:,:,:,:,61.6,63.6,59.8
Rosenheim,70.5,71.2,72.3,72.1,71.6,72.2,72.2,73.6,74.6,74.8,74.3,74.6,76.2,77.6,78.7,:,:,88.6,91.3,81.5
Offenburg,113.1,112.7,113.1,116.4,116.6,114.6,117.9,120.4,123.9,125.1,123.9,123.1,124.6,126.6,126.0,:,:,111.6,114.4,120.7
Görlitz,:,:,:,:,:,:,:,:,:,:,:,:,61.5,60.8,59.1,:,:,59.7,55.6,57.8
Schweinfurt,70.6,71.3,70.9,71.1,70.1,68.4,69.7,72.5,73.3,75.5,72.6,72.1,73.0,75.2,74.0,:,:,72.5,75.6,80.0
Wetzlar,65.8,66.2,68.1,65.7,66.1,63.7,65.8,67.1,68.1,68.7,67.5,66.1,68.5,68.1,67.8,:,:,64.6,66.5,65.8
Braunschweig-Salzgitter-Wolfsburg,254.6,254.0,248.2,249.1,246.0,239.6,242.8,249.7,250.5,256.0,257.9,248.5,257.0,257.1,254.9,:,:,261.5,258.8,259.5
Mannheim-Ludwigshafen,294.8,:,:,290.6,288.8,280.3,285.5,290.3,297.5,301.3,293.8,287.1,292.5,296.6,301.1,:,:,300.1,307.9,306.7
Münster,106.2,109.1,108.9,108.2,107.9,107.1,109.6,113.5,115.3,116.4,115.3,116.6,120.9,123.1,124.2,:,:,140.4,135.6,142.2
Aachen,:,:,:,:,:,:,:,:,:,:,:,:,128.3,128.4,127.5,:,:,141.5,139.7,136.6
Lübeck,93.0,93.0,92.4,90.3,90.6,87.7,89.3,90.8,93.2,94.5,92.7,90.0,91.8,94.2,93.3,:,:,97.2,97.6,99.0
Kassel,100.5,101.9,102.1,98.8,96.7,96.6,97.7,96.9,98.8,99.9,99.1,101.3,104.2,105.5,105.2,:,:,101.7,116.2,112.0
Osnabrück,130.5,132.5,132.1,130.9,128.2,127.1,129.8,130.7,135.4,134.9,133.7,130.9,136.0,134.6,137.0,:,:,138.5,135.4,134.6
Oldenburg (Oldenburg),89.4,90.4,90.3,90.3,88.6,87.1,89.6,89.8,93.7,94.0,95.1,94.1,98.0,97.2,99.6,:,:,107.8,107.4,110.5
Heidelberg,158.2,160.3,161.7,160.4,159.8,158.3,161.8,163.0,166.4,168.2,164.5,160.8,164.2,166.2,168.7,:,:,185.5,184.7,184.4
Paderborn,73.5,73.6,74.3,73.7,73.0,72.5,73.3,73.1,75.9,78.0,77.3,75.7,78.2,80.2,79.8,:,:,81.4,79.5,83.4
Würzburg,124.6,125.8,125.2,125.9,123.4,119.7,121.2,125.7,127.0,131.2,128.4,126.7,129.0,133.4,132.4,:,:,137.3,137.5,143.1
Bremerhaven,73.7,73.6,72.6,71.3,69.1,66.7,66.7,69.3,71.6,72.3,72.7,72.0,72.6,74.0,73.1,:,:,71.8,75.2,77.6
Heilbronn,114.7,115.7,116.8,117.2,114.2,114.6,117.7,119.9,121.5,124.3,122.4,118.9,120.7,122.2,123.1,:,:,135.7,139.9,144.4
Ulm,124.6,127.6,127.9,127.7,124.8,123.7,128.0,130.2,132.6,135.6,131.5,130.5,133.3,132.4,134.9,:,:,133.0,137.7,141.8
Pforzheim,79.9,80.5,80.8,80.2,79.7,79.6,81.5,82.4,84.2,84.8,80.9,78.9,81.4,82.6,84.5,:,:,80.9,84.1,87.4
Ingolstadt,126.0,127.0,129.6,129.6,130.9,131.7,133.0,136.0,138.7,140.6,140.4,140.2,142.3,145.5,148.7,:,:,145.2,148.8,149.8
Reutlingen,72.8,74.9,74.4,74.7,72.7,71.4,74.3,74.5,74.7,75.9,74.1,71.8,74.0,73.7,75.2,:,:,71.8,73.4,72.2
Siegen,109.9,:,:,108.9,107.7,104.8,107.4,109.8,112.2,115.1,111.0,109.2,111.3,111.6,110.0,:,:,107.0,109.0,109.5
Hildesheim,69.4,67.9,68.0,67.6,66.9,66.9,67.6,67.8,68.9,68.6,67.6,34.2,64.7,67.6,66.8,:,:,69.8,72.7,72.9
Zwickau,:,:,:,:,:,:,:,:,:,:,:,:,81.4,80.4,81.7,:,:,83.3,81.9,76.9
Wuppertal,88.6,87.5,87.9,85.1,81.6,79.2,79.6,81.2,81.5,82.9,79.5,78.1,79.8,80.3,80.5,:,:,83.5,88.1,89.1
Düren,:,:,:,:,:,:,:,:,:,:,77.1,74.7,65.5,65.3,65.0,:,:,65.5,59.4,60.9
Bocholt,:,:,:,:,:,:,:,:,:,:,95.7,96.4,99.2,100.4,100.9,:,:,106.5,105.3,111.6
Non-metropolitan regions in Germany,:,:,:,:,:,:,:,:,:,:,:,:,:,:,:,:,:,"6,849.1","6,875.1","6,865.3"
Ireland,920.7,965.4,992.2,999.3,"1,013.7","1,038.4","1,095.3","1,149.4","1,232.0","1,197.1","1,057.6",998.4,974.8,966.9,"1,007.1","1,037.7","1,072.1","1,107.5","1,137.0","1,167.1"
Dublin,377.1,396.6,406.5,407.0,413.1,418.1,439.6,462.4,497.9,488.5,:,:,:,421.6,435.4,458.9,474.8,492.5,506.8,528.5
Cork,136.1,143.2,145.4,145.1,148.2,153.6,160.9,167.2,179.0,173.5,:,:,:,146.6,153.1,152.2,155.2,161.3,166.2,167.1
Non-metropolitan regions in Ireland,407.6,425.6,440.3,447.2,452.5,466.7,494.8,519.8,555.1,535.1,:,:,:,398.7,418.6,426.6,442.0,453.8,464.0,471.5
Spain,"9,333.8","9,704.0","10,054.3","10,333.8","10,624.1","10,850.0","11,390.8","11,707.2","11,968.0","11,708.1","10,643.3","10,337.6","10,068.1","9,520.3","9,236.9","9,363.8","9,676.0","9,910.2","10,162.0","10,419.6"
Madrid,"1,265.6","1,313.4","1,396.3","1,487.5","1,537.8","1,561.9","1,614.0","1,669.3","1,715.8","1,693.6","1,580.6","1,540.4","1,507.0","1,431.0","1,400.0","1,406.4","1,444.0","1,456.5","1,489.7","1,535.8"
Barcelona,"1,197.1","1,229.3","1,260.8","1,295.8","1,336.9","1,356.9","1,432.1","1,466.8","1,490.1","1,459.7","1,300.9","1,277.3","1,245.4","1,163.3","1,132.4","1,148.7","1,183.4","1,230.3","1,265.4","1,294.2"
Valencia,517.9,551.1,567.6,570.2,599.4,610.7,641.3,669.7,683.8,667.5,573.7,558.8,541.0,501.0,487.6,504.6,527.4,536.0,556.7,578.6
Sevilla,340.3,353.2,376.0,399.6,403.6,415.7,444.2,447.7,456.9,446.0,400.4,388.8,384.2,358.1,337.0,342.3,360.8,365.0,381.2,400.8
Zaragoza,217.6,226.1,223.4,228.6,232.0,239.0,251.8,250.6,259.8,255.7,231.5,227.9,215.1,213.8,203.5,209.2,220.1,221.6,227.0,225.1
Málaga - Marbella,252.6,267.7,284.2,312.7,309.1,325.2,350.8,369.3,374.5,347.2,311.7,301.1,290.2,269.4,262.7,288.4,311.0,315.8,319.9,356.7
Murcia - Cartagena,273.5,293.7,305.3,313.6,334.1,346.2,364.3,374.3,390.2,368.0,325.8,320.3,308.7,293.0,289.6,302.7,310.1,325.9,333.3,340.5
Las Palmas,:,:,:,182.2,185.0,189.8,198.9,207.5,208.9,194.0,174.3,161.8,161.9,163.5,159.2,158.9,174.4,173.9,176.6,184.9
Valladolid,128.2,130.7,130.1,129.4,129.6,129.0,135.9,141.3,142.8,137.8,127.0,127.7,125.2,119.2,114.0,113.0,117.1,115.3,113.7,118.6
Palma de Mallorca,:,:,:,190.3,197.2,200.9,211.3,222.3,227.4,225.6,203.8,198.6,192.3,193.4,196.1,196.7,207.4,215.9,219.9,224.9
Vitoria/Gasteiz,77.8,76.5,80.5,80.7,82.5,83.1,83.1,86.0,87.8,88.4,80.3,82.1,84.4,74.9,73.2,71.4,70.7,71.3,72.7,76.2
Oviedo - Gijón,214.5,224.5,230.8,231.1,233.3,237.4,241.9,247.9,247.4,252.9,231.9,223.3,212.1,203.1,193.8,196.7,191.8,195.4,203.4,201.6
Pamplona/Iruña,144.8,151.8,152.2,153.9,152.1,153.4,161.4,165.5,172.3,168.6,160.8,156.3,153.0,143.5,141.3,142.1,143.0,144.2,152.9,149.7
Santander,121.4,125.5,128.7,134.9,137.9,140.1,144.2,147.1,150.8,150.6,139.1,136.0,130.6,125.8,120.6,120.7,123.9,125.2,125.1,130.5
Bilbao,258.8,274.6,273.1,277.9,283.1,283.8,296.4,297.0,292.1,289.3,268.2,271.7,255.9,246.1,237.9,234.5,236.9,241.4,243.1,238.6
Córdoba,:,:,:,:,:,:,:,:,:,:,165.5,161.7,150.8,142.9,142.1,142.3,147.7,151.2,158.8,163.4
Alicante/Alacant - Elche/Elx,327.2,339.4,365.5,375.7,393.1,418.8,442.8,455.0,458.8,449.8,403.4,379.9,374.9,368.8,369.4,364.9,370.3,393.3,404.6,408.2
Vigo,200.9,204.6,205.2,210.4,218.0,221.9,229.5,232.5,235.2,230.5,216.6,203.9,197.1,185.4,181.1,178.2,182.1,185.6,183.2,190.1
Santa Cruz de Tenerife,:,:,:,181.7,190.5,192.4,201.3,211.1,215.7,202.2,182.0,178.1,178.8,166.2,157.4,167.8,178.1,186.5,193.8,206.0
A Coruña,237.5,243.5,246.0,249.7,259.2,257.0,261.9,263.0,273.8,273.4,259.7,251.3,243.9,233.8,223.4,220.7,229.0,233.9,233.1,235.7
Granada,155.0,161.9,163.5,175.7,184.5,187.2,196.4,211.4,212.9,200.8,179.0,172.9,172.0,155.7,153.0,162.3,175.3,172.6,179.1,186.6
Guipúzcoa,:,:,:,:,:,:,:,:,:,:,174.3,173.4,173.4,160.4,151.7,149.3,151.9,161.3,162.5,162.4
Cádiz,:,:,:,:,:,:,:,:,:,:,248.4,232.3,226.0,213.7,204.5,194.0,208.0,232.2,233.9,238.2
Non-metropolitan regions in Spain,:,:,:,"3,152.2","3,225.3","3,299.6","3,487.4","3,571.9","3,670.9","3,606.4","2,704.4","2,611.9","2,544.0","2,394.4","2,305.4","2,348.2","2,411.9","2,460.0","2,532.6","2,572.3"
United Kingdom,"14,317.5","14,519.1","14,663.7","14,677.0","14,841.5","14,941.4","15,130.2","15,247.3","15,384.7","15,446.9","15,037.4","15,026.7","15,088.9","15,232.6","15,321.9","15,660.9","15,896.9","16,117.1","16,229.4","16,390.4"
London,:,:,:,:,:,:,:,:,:,:,:,"3,333.0","3,376.7","3,435.0","3,510.4","3,598.6","3,668.7","3,745.5","3,748.6","3,813.4"
West Midlands urban area,:,:,:,:,:,:,:,:,:,:,501.3,524.7,526.9,534.3,532.7,539.5,542.4,569.7,562.8,588.7
Leeds,:,:,:,:,:,:,:,:,:,:,399.4,392.4,382.9,406.0,406.1,402.1,423.4,429.1,433.3,437.4
Glasgow,377.2,353.7,364.2,368.2,390.4,371.0,420.2,416.2,435.9,426.4,:,:,:,:,411.9,422.6,436.5,444.3,443.5,451.4
Bradford,183.9,180.5,187.7,191.5,196.4,195.0,204.5,196.9,204.4,216.5,117.9,118.3,109.7,115.7,112.0,123.0,117.8,117.1,119.6,118.0
Liverpool,:,:,:,:,:,:,:,:,:,:,:,373.3,375.9,381.7,382.4,366.1,380.1,374.9,387.9,413.1
Edinburgh,195.0,203.6,203.3,200.8,203.5,208.3,208.1,205.5,216.4,217.0,:,:,:,:,211.2,196.5,208.8,214.3,224.4,242.4
Manchester,:,:,:,:,:,:,:,:,:,:,:,831.5,846.9,839.9,838.4,881.0,908.3,893.2,925.4,916.6
Cardiff,230.6,227.3,227.1,230.7,235.6,248.4,239.5,246.8,252.3,249.8,253.5,250.0,249.0,256.4,268.0,271.0,278.0,269.4,276.3,293.0
Sheffield,114.4,119.4,116.0,125.6,129.4,121.7,131.2,128.7,130.0,127.5,113.5,114.5,125.8,121.2,133.7,137.8,130.8,130.9,130.8,140.5
Bristol,250.2,265.4,263.3,260.2,265.9,262.3,277.1,274.3,286.3,291.6,265.1,279.0,274.2,260.1,277.6,277.2,284.4,292.1,300.0,311.5
Belfast,131.9,135.1,144.3,141.8,145.6,134.0,:,:,:,:,:,:,:,:,171.0,171.3,174.5,182.6,177.6,178.5
Newcastle upon Tyne,236.7,240.3,245.5,248.4,263.3,248.1,259.6,267.9,271.3,260.9,260.3,258.0,259.0,270.8,266.5,283.0,267.0,287.2,274.3,266.9
Leicester,491.4,496.3,493.4,499.7,506.2,503.3,505.4,529.9,526.1,512.0,329.9,329.5,337.8,342.1,327.4,338.0,342.6,345.5,346.7,345.2
Aberdeen,:,:,:,:,:,:,:,:,:,:,136.6,131.9,130.2,139.3,127.9,142.6,134.3,130.0,132.7,126.1
Cambridge,:,:,:,:,:,:,:,:,:,:,247.2,162.5,153.3,161.2,158.6,161.9,164.8,176.4,166.9,160.0
Exeter,162.4,159.5,165.4,169.8,172.8,174.4,182.0,188.3,175.6,176.2,16.9,167.0,180.8,181.4,169.9,167.4,171.6,179.6,176.3,172.5
Portsmouth,:,:,:,:,:,:,:,:,:,:,:,153.0,158.9,153.8,161.4,157.2,148.3,156.4,167.2,173.4
Coventry,258.8,259.0,268.9,268.7,266.2,264.3,275.4,276.5,283.4,277.3,203.6,206.7,199.7,211.0,204.3,217.1,231.4,243.5,237.9,246.1
Kingston upon Hull,132.0,136.9,130.3,133.9,137.6,145.9,141.8,144.6,146.0,147.5,139.1,134.4,136.0,137.9,140.6,145.4,139.5,142.1,131.2,140.3
Stoke-on-Trent,262.3,271.2,268.3,273.8,281.7,275.9,278.1,276.5,270.0,274.3,271.3,266.1,271.5,272.3,263.5,262.9,270.5,286.7,288.3,279.6
Nottingham,53.8,58.7,61.3,59.9,57.2,60.3,61.0,69.4,72.0,71.0,56.8,52.7,63.8,61.1,58.7,67.4,74.4,72.7,72.8,73.6
Kirklees,:,:,:,:,:,:,:,:,:,:,154.6,151.6,146.0,146.3,146.9,147.6,152.6,150.1,158.1,151.7
Doncaster,170.6,164.3,164.6,175.1,178.9,182.8,186.2,181.4,175.0,171.1,168.7,170.3,177.7,191.9,191.5,193.4,175.8,185.8,197.3,190.4
Sunderland,53.1,60.1,60.6,59.8,62.3,59.8,61.4,65.3,67.8,67.6,58.4,60.2,61.4,59.2,60.7,57.8,61.1,56.1,65.5,60.9
Medway,399.1,399.4,404.1,383.3,368.7,395.7,414.1,400.8,416.8,423.5,416.8,59.5,59.0,59.2,57.2,64.3,65.5,67.8,66.4,70.9
Brighton and Hove,236.8,230.0,241.9,244.7,238.4,243.7,239.3,251.3,242.7,239.8,235.8,67.9,68.8,70.4,71.4,76.7,78.0,80.9,82.8,76.3
Plymouth,:,:,:,:,:,:,:,:,:,:,31.1,64.6,61.6,60.9,53.3,63.5,69.3,63.2,62.7,67.5
Swansea,103.5,101.7,102.8,105.0,104.7,112.0,107.2,112.7,115.3,113.4,113.4,104.4,100.9,111.7,109.0,108.4,113.1,118.7,124.2,125.7
Derby,50.6,53.5,53.1,53.4,52.2,54.8,55.9,58.6,57.9,58.7,61.8,54.9,55.8,58.1,63.1,59.1,65.9,70.3,68.4,60.8
Southampton,198.2,204.6,207.0,208.8,202.6,203.5,196.1,202.4,207.6,216.6,:,186.5,178.1,184.9,189.0,192.3,193.3,196.3,203.8,203.1
Northampton,:,:,:,:,:,:,:,:,:,:,101.2,96.8,96.3,90.2,93.6,102.2,98.0,100.4,95.3,101.6
Bournemouth,71.5,75.5,73.1,74.6,75.3,75.8,74.8,76.5,78.6,77.1,72.6,77.1,77.4,82.7,87.9,76.7,89.5,85.4,84.5,89.9
Colchester,:,:,:,:,:,:,:,:,:,:,:,110.1,114.2,110.2,112.7,107.1,114.8,115.5,114.3,124.7
Blackburn - Blackpool - Preston,:,:,:,:,:,:,:,:,:,:,:,162.8,152.7,155.9,150.7,143.3,163.3,164.6,167.9,167.1
Middlesbrough,110.5,117.6,121.1,114.1,116.2,122.6,124.4,125.1,123.1,122.4,120.6,122.2,117.2,117.9,111.2,115.3,121.9,121.4,119.9,115.2
Oxford,:,:,:,:,:,:,:,:,:,:,160.1,156.7,169.0,166.1,177.9,169.5,173.2,180.8,176.6,181.2
Norwich,:,:,:,:,:,:,:,:,:,:,:,83.1,88.0,90.3,92.7,95.1,94.1,89.4,88.1,86.1
Cheshire West and Chester,:,:,:,:,:,:,:,:,:,:,161.1,158.2,157.1,140.0,142.9,145.7,148.6,148.0,144.3,143.1
Ipswich,264.7,259.6,271.4,265.6,260.5,268.3,276.0,271.7,284.4,289.0,284.2,176.5,184.9,182.0,178.4,183.8,184.8,182.4,192.5,191.5
Non-metropolitan regions in United Kingdom,:,:,:,:,:,:,:,:,:,:,:,:,:,:,"4,041.9","4,169.5","4,163.4","4,191.5","4,234.6","4,227.8"
,,,,,,,,,,,,,,,,,,,,
Special value:,,,,,,,,,,,,,,,,,,,,
:,not available,,,,,,,,,,,,,,,,,,,
,,,,,,,,,,,,,,,,,,,,
AGE,From 15 to 64 years,,,,,,,,,,,,,,,,,,,
SEX,Females,,,,,,,,,,,,,,,,,,,
UNIT,Thousand persons,,,,,,,,,,,,,,,,,,,
,,,,,,,,,,,,,,,,,,,,
METROREG/TIME,1999 - 1999,2000 - 2000,2001 - 2001,2002 - 2002,2003 - 2003,2004 - 2004,2005 - 2005,2006 - 2006,2007 - 2007,2008 - 2008,2009 - 2009,2010 - 2010,2011 - 2011,2012 - 2012,2013 - 2013,2014 - 2014,2015 - 2015,2016 - 2016,2017 - 2017,2018 - 2018
Germany (until 1990 former territory of the FRG),"15,590.2","15,788.7","16,009.4","16,012.9","15,993.6","15,792.1","16,208.7","16,632.6","17,018.8","17,271.1","17,407.0","17,318.0","17,707.9","17,808.6","18,056.1","18,210.0","18,367.7","18,789.7","18,929.4","19,027.9"
Berlin,:,:,:,:,:,:,:,:,:,:,:,:,"1,106.5","1,118.1","1,134.6",:,:,"1,213.3","1,235.8","1,263.1"
Hamburg,629.6,636.2,647.7,642.7,648.6,629.3,648.9,678.1,687.8,707.6,723.7,715.9,729.9,736.9,749.7,:,:,779.0,801.0,799.5
München,575.5,579.7,592.5,584.5,574.7,575.5,583.2,608.6,622.8,637.5,643.9,643.0,664.0,675.8,697.0,:,:,723.2,726.1,732.0
Köln,392.9,406.2,411.4,408.0,405.3,398.1,424.1,435.5,450.5,454.8,462.4,455.9,413.0,419.4,423.6,:,:,467.0,465.1,466.7
Frankfurt am Main,500.0,510.4,528.4,522.2,520.2,507.3,513.9,527.2,536.0,550.4,557.2,558.5,572.8,579.6,593.1,:,:,609.8,624.5,641.2
Stuttgart,541.3,539.4,549.1,558.1,559.5,557.0,562.3,577.9,588.2,598.3,600.7,578.1,595.6,599.3,616.6,:,:,652.7,657.3,677.0
Leipzig,:,:,:,:,:,:,:,:,:,:,:,:,216.7,222.2,226.4,:,:,241.3,240.1,244.7
Dresden,:,:,:,:,:,:,:,:,:,:,:,:,296.3,287.2,293.4,:,:,297.2,303.6,297.5
Düsseldorf,292.3,298.2,306.5,306.4,305.7,303.6,316.4,327.6,335.6,335.8,336.6,331.8,346.5,345.9,349.3,:,:,350.9,353.8,351.9
Bremen,226.6,232.5,236.2,235.2,239.5,229.2,233.6,241.6,251.4,254.8,259.8,460.8,268.6,265.7,270.0,:,:,282.9,286.8,285.5
Hannover,242.9,248.9,249.9,249.8,253.9,248.0,255.9,259.3,271.1,273.1,274.1,55.4,280.1,284.3,289.5,:,:,292.3,289.1,288.9
Nürnberg,252.9,268.5,272.9,266.4,263.2,262.0,265.8,278.2,283.5,294.2,296.0,302.1,306.7,308.5,305.5,:,:,314.1,314.3,309.5
Bielefeld,61.0,61.5,64.4,63.3,63.7,61.8,63.9,64.0,65.1,65.5,65.4,64.6,65.7,67.9,68.3,:,:,73.0,74.9,72.5
Halle an der Saale,:,:,:,:,:,:,:,:,92.4,91.7,93.7,91.3,92.8,91.9,91.5,:,:,96.2,94.2,88.4
Magdeburg,:,:,:,:,:,:,:,:,134.5,131.9,134.5,112.8,115.3,113.8,113.0,:,:,109.2,111.0,107.5
Wiesbaden,91.6,92.8,95.7,94.7,94.8,92.8,93.3,95.9,96.9,98.7,100.2,100.5,103.5,104.3,105.7,:,:,106.4,108.5,101.3
Göttingen,76.3,75.9,77.0,75.0,75.8,74.8,74.9,81.0,81.4,80.7,:,:,:,:,:,:,:,100.2,100.1,104.2
Darmstadt,82.1,83.9,86.6,85.7,85.5,83.6,84.9,87.5,88.8,91.1,92.4,93.0,95.1,96.3,98.3,:,:,100.3,102.8,99.4
Freiburg im Breisgau,117.5,120.3,124.1,129.3,132.0,129.5,134.8,137.9,145.8,145.1,149.5,148.7,150.3,152.7,154.2,:,:,170.2,170.5,163.4
Regensburg,85.6,85.5,90.1,89.7,91.3,90.8,93.2,94.7,96.7,98.1,98.0,98.4,101.8,104.2,106.9,:,:,118.1,116.4,110.5
Schwerin,99.3,100.3,98.9,97.3,97.3,93.9,99.7,101.5,100.2,102.9,103.7,102.9,101.4,99.2,98.8,:,:,74.3,68.8,65.6
Erfurt,112.0,112.5,109.9,109.9,106.6,108.6,107.2,108.8,111.5,114.4,116.9,116.7,118.2,116.5,118.0,:,:,119.5,116.6,116.4
Augsburg,125.7,128.7,130.5,131.4,129.3,129.2,128.2,130.4,133.9,137.9,138.7,141.6,141.9,143.5,144.9,:,:,161.3,166.1,166.2
Bonn,186.5,189.4,191.1,189.4,190.4,188.5,201.6,207.7,214.2,215.3,218.2,214.7,193.6,196.2,196.7,:,:,213.4,209.1,211.4
Karlsruhe,133.7,138.3,143.9,146.6,146.6,144.7,149.7,151.7,157.5,159.3,159.0,157.0,160.6,163.1,169.2,:,:,159.9,174.4,170.1
Mönchengladbach,45.3,46.2,46.8,46.5,46.3,45.8,47.4,48.8,50.2,50.2,50.2,49.6,51.9,51.6,52.1,:,:,55.3,57.7,54.0
Mainz,81.1,:,:,82.7,83.3,81.5,83.0,88.4,90.9,90.7,90.5,91.4,94.7,97.2,98.2,:,:,102.7,104.3,105.4
Ruhrgebiet,863.0,880.0,894.2,900.8,901.2,889.9,918.9,941.2,958.4,969.4,977.7,962.0,995.6,993.7,"1,005.1",:,:,"1,031.7","1,048.4","1,063.6"
Kiel,115.8,118.5,121.4,119.5,123.3,119.0,122.6,128.1,128.7,132.1,130.9,132.7,135.1,136.0,135.1,:,:,144.2,148.3,153.0
Saarbrücken,148.0,151.6,146.7,149.9,148.2,147.2,152.3,155.4,157.0,161.5,160.1,161.2,161.4,163.7,167.1,:,:,178.9,172.8,173.0
Koblenz,60.7,:,:,61.1,62.3,59.1,64.9,65.5,68.4,67.0,67.5,68.7,69.3,70.1,70.7,:,:,78.2,76.8,74.4
Rostock,121.7,124.1,121.3,118.9,118.7,114.1,120.4,124.4,123.5,128.5,129.6,130.2,130.1,128.8,129.2,:,:,93.1,92.3,90.8
Kaiserslautern,50.5,:,:,51.5,51.8,50.7,51.5,54.2,55.4,55.4,55.2,55.5,57.1,58.1,58.0,:,:,54.8,57.1,58.0
Iserlohn,83.2,85.0,86.1,86.1,85.0,83.7,85.1,86.4,87.0,88.3,86.0,84.8,89.3,88.8,89.6,:,:,90.0,90.5,87.5
Flensburg,50.0,51.0,51.6,50.7,52.6,50.6,52.2,54.3,55.0,56.3,55.7,56.2,57.1,57.1,57.0,:,:,71.3,67.3,69.0
Konstanz,50.3,51.1,52.9,54.9,55.8,55.1,57.2,58.6,61.9,61.3,62.9,62.5,63.0,63.7,64.0,:,:,66.4,73.9,72.5
Gießen,48.2,50.4,52.3,53.2,54.1,53.3,53.8,54.5,54.8,55.2,55.8,54.8,56.8,55.9,57.7,:,:,59.4,59.9,60.6
Bayreuth,53.1,52.8,53.0,53.9,52.7,51.4,50.9,53.1,53.7,54.7,53.9,53.2,56.3,57.3,57.9,:,:,67.6,66.8,59.1
Aschaffenburg,71.5,71.0,73.8,73.8,74.1,75.2,73.9,76.4,77.3,79.7,78.2,79.1,82.0,82.2,85.0,:,:,87.8,86.0,86.8
Neubrandenburg,:,:,:,:,:,:,:,:,:,:,:,:,:,:,:,:,:,56.7,62.0,57.2
Rosenheim,58.4,59.4,60.1,59.8,59.1,59.6,60.3,63.0,64.4,65.6,66.3,66.9,69.4,70.3,71.9,:,:,78.4,79.2,78.0
Offenburg,83.0,85.0,88.2,90.8,92.7,91.4,94.5,96.6,102.1,101.6,103.3,102.3,102.9,103.7,104.1,:,:,102.1,103.0,108.9
Görlitz,:,:,:,:,:,:,:,:,:,:,:,:,52.6,50.5,51.4,:,:,52.0,47.7,49.9
Schweinfurt,50.8,50.6,52.7,53.2,54.3,54.8,53.6,55.2,56.0,57.4,56.9,57.4,59.1,59.1,61.3,:,:,62.4,60.1,65.7
Wetzlar,45.2,47.2,49.4,50.2,50.6,50.0,51.0,51.6,51.9,53.2,52.9,51.9,53.9,53.4,54.7,:,:,58.3,55.6,56.0
Braunschweig-Salzgitter-Wolfsburg,178.3,178.9,181.6,177.6,179.8,179.3,179.3,192.8,194.0,195.3,199.9,199.0,205.8,208.8,209.4,:,:,214.3,217.1,217.2
Mannheim-Ludwigshafen,214.3,:,:,221.5,222.1,217.5,221.0,230.1,236.8,239.2,238.7,238.1,245.0,250.2,255.3,:,:,257.6,263.6,260.2
Münster,92.7,94.3,97.3,99.4,100.8,99.6,104.1,107.5,111.0,113.2,115.4,115.1,117.7,118.8,120.1,:,:,134.4,130.3,136.8
Aachen,:,:,:,:,:,:,:,:,:,:,:,:,104.7,106.2,106.8,:,:,120.4,116.3,111.6
Lübeck,77.3,77.9,79.5,77.9,81.1,78.1,80.3,83.1,83.0,84.7,84.1,85.8,88.0,88.9,88.2,:,:,85.1,90.9,88.9
Kassel,82.2,82.6,83.0,86.1,81.3,83.0,85.1,86.9,89.6,90.5,91.3,90.5,96.7,96.5,97.3,:,:,94.5,99.6,97.4
Osnabrück,99.8,102.1,102.8,102.1,103.8,101.7,107.6,108.0,111.7,113.1,112.8,116.0,117.2,119.9,123.3,:,:,118.7,118.2,124.9
Oldenburg (Oldenburg),77.3,78.8,79.5,79.2,81.3,80.0,84.9,84.8,88.0,89.2,90.4,93.3,95.4,97.0,100.4,:,:,96.6,103.6,105.0
Heidelberg,124.4,128.3,133.8,136.9,136.8,134.3,138.9,139.5,145.1,146.7,147.0,144.9,148.4,150.3,155.6,:,:,172.7,166.5,171.1
Paderborn,48.3,49.4,52.1,52.3,52.9,51.6,54.0,54.2,55.6,56.1,57.0,57.4,58.9,61.4,62.1,:,:,70.6,67.7,67.7
Würzburg,99.1,98.7,102.9,104.3,105.5,107.8,105.4,108.6,110.3,113.2,111.9,113.0,116.6,116.9,121.5,:,:,123.3,124.2,126.5
Bremerhaven,54.6,56.2,56.7,56.0,56.2,53.7,54.2,56.1,57.7,58.7,60.9,61.0,61.8,60.9,61.5,:,:,62.9,60.3,63.0
Heilbronn,84.8,85.2,87.3,88.9,89.1,89.1,89.7,93.2,95.7,98.4,99.2,96.3,99.5,100.1,102.7,:,:,113.0,110.4,111.1
Ulm,93.9,96.6,97.8,98.9,96.4,96.7,97.4,98.9,101.9,105.2,106.7,107.5,110.0,109.9,111.0,:,:,111.7,115.3,115.4
Pforzheim,61.7,63.7,65.8,66.4,65.9,64.8,66.9,67.1,69.4,70.0,68.6,67.7,69.2,70.2,73.0,:,:,70.3,71.1,77.7
Ingolstadt,82.9,84.2,86.5,85.9,85.6,85.9,87.0,91.5,94.0,96.7,98.1,99.2,102.7,104.7,107.5,:,:,114.3,115.5,119.1
Reutlingen,58.8,61.0,61.7,61.6,59.7,59.8,60.9,61.1,62.1,63.5,65.0,64.2,65.9,66.2,67.1,:,:,64.7,66.2,66.4
Siegen,71.2,:,:,73.9,74.0,72.2,75.4,76.3,78.2,79.3,79.1,79.1,82.0,82.6,83.4,:,:,88.8,91.0,88.6
Hildesheim,52.8,53.6,54.5,54.4,55.0,53.2,54.8,55.3,57.7,57.7,57.6,31.5,58.0,58.8,59.7,:,:,58.2,61.8,64.4
Zwickau,:,:,:,:,:,:,:,:,:,:,:,:,70.8,69.2,69.5,:,:,73.4,72.2,71.1
Wuppertal,67.8,68.8,69.7,68.6,67.7,66.6,68.1,69.7,71.2,70.2,69.2,68.0,70.9,70.2,70.2,:,:,72.5,77.5,79.2
Düren,:,:,:,:,:,:,:,:,:,:,56.5,55.6,49.9,50.8,51.2,:,:,54.0,53.3,59.1
Bocholt,:,:,:,:,:,:,:,:,:,:,71.1,71.4,73.2,74.2,75.4,:,:,85.0,88.0,90.0
Non-metropolitan regions in Germany,:,:,:,:,:,:,:,:,:,:,:,:,:,:,:,:,:,"5,916.0","5,928.8","5,957.9"
Ireland,634.5,671.8,695.7,728.8,744.3,763.4,819.9,855.2,945.0,955.2,912.4,880.7,865.6,863.8,877.9,895.1,922.6,958.8,988.2,"1,012.9"
Dublin,287.7,302.7,313.0,322.5,324.8,328.5,350.4,364.7,404.6,404.3,:,:,:,391.1,390.6,404.5,419.9,436.8,449.5,469.1
Cork,87.9,92.7,95.7,101.5,103.2,108.2,118.1,122.9,135.4,138.1,:,:,:,128.7,131.4,127.5,133.9,138.0,141.0,145.6
Non-metropolitan regions in Ireland,258.9,276.3,287.0,304.8,316.4,326.7,351.3,367.6,405.0,412.9,:,:,:,344.1,356.0,363.2,368.7,384.1,397.6,398.2
Spain,"5,183.6","5,628.9","5,913.0","6,329.3","6,687.3","7,053.9","7,677.2","8,085.1","8,468.9","8,608.4","8,314.2","8,236.2","8,202.9","7,956.6","7,764.7","7,846.8","8,041.5","8,272.5","8,486.6","8,716.7"
Madrid,791.6,845.9,940.1,"1,039.5","1,083.5","1,180.0","1,285.8","1,329.8","1,385.1","1,408.3","1,381.2","1,375.3","1,360.5","1,352.8","1,295.6","1,285.6","1,338.4","1,355.2","1,390.9","1,424.5"
Barcelona,758.7,833.5,845.9,880.1,926.9,990.9,"1,063.0","1,100.5","1,145.4","1,176.5","1,107.6","1,097.2","1,098.1","1,047.1","1,026.8","1,067.1","1,062.7","1,114.9","1,149.3","1,178.4"
Valencia,272.6,318.6,340.7,368.3,381.2,407.2,434.8,460.3,487.9,486.9,456.1,449.1,445.1,435.1,422.3,420.0,442.4,449.7,458.7,474.2
Sevilla,162.5,182.5,199.2,220.8,232.4,244.4,267.0,289.9,301.6,309.4,295.3,293.8,292.4,283.5,276.6,282.8,293.4,298.3,312.5,318.9
Zaragoza,112.9,123.6,132.3,133.6,146.4,157.2,167.6,173.8,194.9,194.4,187.2,177.3,176.4,177.6,170.8,168.7,171.2,178.3,184.0,192.7
Málaga - Marbella,136.1,150.2,148.1,171.8,179.7,186.5,227.0,234.0,257.3,251.6,241.2,239.8,234.2,241.8,234.0,244.0,253.5,256.3,264.2,268.1
Murcia - Cartagena,132.2,154.0,155.4,173.6,190.8,198.2,213.4,229.9,243.7,253.6,243.9,239.1,232.8,230.7,220.7,224.0,217.9,233.5,244.1,247.3
Las Palmas,:,:,:,113.0,126.3,128.1,137.6,146.2,150.2,140.4,132.5,134.8,133.3,127.1,131.6,132.3,132.2,138.6,148.2,161.8
Valladolid,62.7,66.7,66.0,73.8,77.8,75.1,87.1,95.3,99.4,102.6,103.3,98.0,99.2,97.2,93.6,92.3,95.0,98.4,98.3,102.9
Palma de Mallorca,:,:,:,132.7,140.9,148.1,151.2,162.7,169.6,174.1,170.6,169.6,166.8,165.1,167.5,174.8,183.5,189.4,187.0,197.2
Vitoria/Gasteiz,44.9,44.8,47.2,52.7,55.1,58.9,58.3,59.8,60.0,66.1,64.3,63.7,63.1,60.8,61.6,62.0,62.8,64.7,62.7,64.9
Oviedo - Gijón,120.0,123.3,129.7,137.5,144.3,149.5,162.9,176.0,185.9,198.8,191.5,186.3,186.5,176.5,171.3,176.6,181.5,186.5,186.9,184.0
Pamplona/Iruña,77.9,87.0,89.3,94.7,101.2,102.9,114.5,118.7,120.9,123.9,120.4,122.8,124.6,121.0,114.5,119.2,119.6,120.8,123.7,130.0
Santander,56.0,63.4,75.8,75.6,82.5,85.0,95.1,102.9,108.8,111.7,110.0,105.4,107.3,106.0,100.6,103.5,102.6,107.7,110.5,108.5
Bilbao,152.1,164.9,171.6,179.4,186.2,191.3,208.1,221.6,222.6,224.1,217.5,223.3,230.3,221.2,213.3,212.3,211.9,219.3,225.5,231.2
Córdoba,:,:,:,:,:,:,:,:,:,:,115.4,113.0,111.9,104.3,102.5,102.6,110.7,113.4,110.2,111.8
Alicante/Alacant - Elche/Elx,201.6,198.7,204.2,231.9,240.6,277.8,284.7,302.3,311.4,325.4,310.6,299.2,298.5,274.7,273.5,289.7,304.7,320.0,331.3,333.3
Vigo,123.2,134.9,137.9,133.3,143.8,150.7,158.7,169.4,180.2,181.1,172.7,166.1,163.1,158.9,156.8,156.0,156.1,162.6,167.5,169.8
Santa Cruz de Tenerife,:,:,:,113.7,123.7,126.2,137.5,142.7,154.6,148.8,145.8,146.2,153.2,149.3,147.5,146.2,160.9,164.4,164.3,173.3
A Coruña,147.6,153.9,158.2,165.4,177.0,177.5,203.3,211.7,210.0,217.6,225.6,213.3,215.4,214.1,205.5,205.2,206.3,211.0,215.8,222.2
Granada,71.6,75.7,82.6,96.1,102.3,106.5,116.8,127.5,136.4,134.5,131.0,129.2,129.3,125.5,125.6,121.2,127.8,136.1,144.2,139.1
Guipúzcoa,:,:,:,:,:,:,:,:,:,:,140.5,141.1,141.9,133.7,129.6,130.6,135.9,137.1,132.3,142.7
Cádiz,:,:,:,:,:,:,:,:,:,:,161.5,163.3,161.3,157.2,144.4,143.2,151.2,146.8,160.3,165.5
Non-metropolitan regions in Spain,:,:,:,"1,741.7","1,844.7","1,911.7","2,102.6","2,230.3","2,343.1","2,378.3","1,888.5","1,889.3","1,877.7","1,795.3","1,778.6","1,786.6","1,819.2","1,869.2","1,914.3","1,974.7"
United Kingdom,"12,092.1","12,285.4","12,450.6","12,576.7","12,675.3","12,821.8","13,032.2","13,170.0","13,237.2","13,380.4","13,281.1","13,262.9","13,315.3","13,417.3","13,594.7","13,897.9","14,122.7","14,326.5","14,556.1","14,721.6"
London,:,:,:,:,:,:,:,:,:,:,:,"2,807.3","2,816.0","2,866.4","2,974.8","3,024.0","3,084.7","3,155.0","3,213.3","3,267.6"
West Midlands urban area,:,:,:,:,:,:,:,:,:,:,435.2,437.0,434.0,455.0,447.1,463.6,458.6,469.7,484.9,504.4
Leeds,:,:,:,:,:,:,:,:,:,:,369.3,362.5,346.3,360.5,364.8,374.3,383.5,394.7,394.4,393.8
Glasgow,356.0,330.4,341.4,347.6,349.0,362.8,393.7,405.2,404.7,396.1,:,:,:,:,412.5,407.8,435.7,440.4,433.8,442.4
Bradford,151.7,158.7,155.0,153.6,161.9,164.8,169.5,168.7,161.0,162.1,88.4,85.1,94.8,96.8,98.0,96.0,100.9,106.6,97.1,99.5
Liverpool,:,:,:,:,:,:,:,:,:,:,:,347.9,358.5,369.8,368.4,360.1,378.1,387.0,370.5,391.1
Edinburgh,174.5,172.8,188.5,191.0,187.0,192.7,196.7,188.0,196.6,198.3,:,:,:,:,214.3,211.7,206.2,204.9,220.8,216.7
Manchester,:,:,:,:,:,:,:,:,:,:,:,731.7,731.8,739.1,747.1,770.8,768.3,808.0,824.4,816.9
Cardiff,201.2,192.9,193.8,193.4,216.9,212.1,216.4,221.6,218.8,224.7,222.2,221.1,224.8,222.6,236.2,226.5,235.4,245.5,253.9,261.6
Sheffield,108.8,101.5,104.7,107.7,111.4,101.4,107.0,99.4,103.2,107.4,109.3,108.5,107.5,116.5,114.8,123.6,115.6,115.7,114.6,125.4
Bristol,217.7,227.9,224.7,234.5,229.6,222.6,241.8,254.1,248.4,247.6,241.5,233.4,230.1,235.4,243.7,243.1,258.5,257.2,265.9,284.6
Belfast,124.4,125.3,127.4,125.9,132.9,132.2,:,:,:,:,:,:,:,:,160.7,164.8,155.9,175.0,175.6,172.2
Newcastle upon Tyne,201.6,209.1,221.9,229.3,229.0,226.6,230.9,231.5,237.4,240.2,247.0,240.3,236.1,244.1,236.5,250.0,247.1,254.0,251.2,256.2
Leicester,415.6,429.0,415.1,414.1,413.5,439.8,442.1,457.0,451.1,440.8,285.8,282.2,277.5,287.3,267.8,288.8,296.7,313.1,302.9,299.2
Aberdeen,:,:,:,:,:,:,:,:,:,:,110.3,112.7,112.0,111.9,108.2,115.3,123.9,117.2,112.7,112.3
Cambridge,:,:,:,:,:,:,:,:,:,:,216.5,138.8,138.3,140.1,148.1,162.1,156.6,141.5,155.3,155.5
Exeter,144.8,140.0,153.1,158.7,160.0,156.1,153.3,153.6,167.4,176.0,15.5,160.9,160.8,161.5,158.8,162.6,170.3,167.8,173.4,179.4
Portsmouth,:,:,:,:,:,:,:,:,:,:,:,156.8,140.2,147.1,138.0,154.1,144.8,152.9,147.1,141.8
Coventry,216.5,219.6,220.0,224.1,222.0,221.0,234.9,230.9,232.3,225.0,176.7,181.7,178.4,179.5,174.5,185.2,192.1,191.2,201.2,204.5
Kingston upon Hull,105.8,111.9,115.7,112.0,114.3,121.2,118.0,126.4,129.4,124.1,120.2,123.4,126.0,124.1,123.1,120.4,122.6,124.5,129.2,134.9
Stoke-on-Trent,221.2,223.0,227.3,222.7,232.1,223.5,220.1,234.8,239.0,245.1,238.1,232.8,228.6,222.3,231.4,221.6,238.4,240.0,252.6,240.6
Nottingham,50.2,48.7,48.8,49.5,47.7,50.5,56.3,56.6,54.4,57.7,56.7,47.7,54.2,62.3,61.4,61.7,70.3,62.3,59.8,61.5
Kirklees,:,:,:,:,:,:,:,:,:,:,125.7,134.4,131.8,129.8,130.8,125.9,139.5,139.1,143.5,133.3
Doncaster,146.8,141.3,148.8,139.5,151.4,153.6,160.1,150.5,155.4,150.3,153.5,166.3,159.3,157.6,165.1,171.0,165.8,163.4,171.7,181.0
Sunderland,52.2,52.0,55.4,56.8,54.6,57.7,58.5,58.4,58.8,57.4,53.5,47.8,50.0,56.5,57.2,53.8,59.1,54.7,67.6,60.0
Medway,327.4,328.6,349.6,334.6,331.1,333.0,359.2,349.1,367.3,351.4,355.6,45.4,50.4,58.3,52.7,58.0,61.3,58.6,61.6,70.7
Brighton and Hove,191.5,190.0,203.4,206.9,212.6,200.0,193.0,206.9,211.8,231.6,207.9,62.2,62.4,64.8,69.2,61.4,60.0,64.6,72.9,73.2
Plymouth,:,:,:,:,:,:,:,:,:,:,34.2,56.8,54.8,53.1,53.0,57.6,63.6,60.3,61.9,57.4
Swansea,84.9,90.4,93.7,91.8,98.6,98.9,99.0,101.3,101.6,101.8,103.7,94.5,97.1,101.9,108.9,108.2,108.2,114.9,107.2,102.1
Derby,41.4,43.5,43.7,46.0,46.7,44.2,45.5,45.5,47.9,48.7,51.9,53.2,56.0,56.2,53.5,54.9,58.5,59.8,55.5,49.0
Southampton,168.6,160.2,164.4,165.0,168.3,168.0,166.4,169.6,179.7,180.0,:,165.3,165.2,160.5,174.2,171.2,172.6,171.3,173.6,181.2
Northampton,:,:,:,:,:,:,:,:,:,:,90.5,82.5,85.4,90.7,85.2,90.9,89.3,96.7,103.2,98.4
Bournemouth,64.4,64.4,62.9,68.6,63.4,67.4,64.7,61.0,62.8,66.7,63.3,74.4,69.8,70.3,77.3,69.5,71.5,72.4,84.1,78.2
Colchester,:,:,:,:,:,:,:,:,:,:,:,95.0,100.4,87.9,83.3,85.3,104.3,102.3,104.5,112.1
Blackburn - Blackpool - Preston,:,:,:,:,:,:,:,:,:,:,:,146.9,139.7,133.7,126.6,131.1,144.5,152.3,149.6,148.8
Middlesbrough,95.3,98.6,94.9,106.5,99.8,110.0,112.8,114.7,114.6,108.5,108.9,120.2,108.0,102.0,109.7,119.9,115.7,114.9,123.6,119.4
Oxford,:,:,:,:,:,:,:,:,:,:,151.0,140.9,140.7,151.1,146.9,153.6,161.0,158.3,162.2,170.7
Norwich,:,:,:,:,:,:,:,:,:,:,:,69.0,80.0,75.3,81.2,76.2,78.0,84.7,87.0,83.8
Cheshire West and Chester,:,:,:,:,:,:,:,:,:,:,140.6,132.7,128.7,129.7,137.0,133.2,134.2,135.4,135.3,141.6
Ipswich,216.4,215.4,226.2,219.4,227.4,231.3,226.5,233.5,241.0,242.4,243.4,155.9,167.7,170.4,153.5,164.8,161.6,167.0,166.2,168.8
Non-metropolitan regions in United Kingdom,:,:,:,:,:,:,:,:,:,:,:,:,:,:,"3,643.7","3,770.3","3,770.7","3,770.9","3,835.8","3,872.3"
,,,,,,,,,,,,,,,,,,,,
Special value:,,,,,,,,,,,,,,,,,,,,
:,not available,,,,,,,,,,,,,,,,,,,
,,,,,,,,,,,,,,,,,,,,
AGE,From 20 to 64 years,,,,,,,,,,,,,,,,,,,
SEX,Total,,,,,,,,,,,,,,,,,,,
UNIT,Thousand persons,,,,,,,,,,,,,,,,,,,
,,,,,,,,,,,,,,,,,,,,
METROREG/TIME,1999 - 1999,2000 - 2000,2001 - 2001,2002 - 2002,2003 - 2003,2004 - 2004,2005 - 2005,2006 - 2006,2007 - 2007,2008 - 2008,2009 - 2009,2010 - 2010,2011 - 2011,2012 - 2012,2013 - 2013,2014 - 2014,2015 - 2015,2016 - 2016,2017 - 2017,2018 - 2018
Germany (until 1990 former territory of the FRG),"34,409.5","34,625.6","34,836.0","34,610.2","34,302.9","33,865.2","34,613.5","35,371.3","36,067.5","36,582.9","36,584.9","36,231.8","36,955.0","37,290.1","37,583.7","37,872.7","38,147.9","39,068.2","39,386.2","39,551.2"
Berlin,:,:,:,:,:,:,:,:,:,:,:,:,"2,247.5","2,293.0","2,322.2",:,:,"2,492.0","2,536.0","2,585.3"
Hamburg,:,:,:,:,:,:,:,:,:,:,:,"1,482.7","1,502.9","1,525.8","1,543.3",:,:,"1,598.2","1,637.0","1,639.8"
München,:,:,:,:,:,:,:,:,:,:,:,"1,314.2","1,347.6","1,384.6","1,416.8",:,:,"1,488.0","1,508.0","1,501.1"
Köln,:,:,:,:,:,:,:,:,:,:,:,968.0,866.4,874.6,878.5,:,:,962.0,962.6,968.1
Frankfurt am Main,:,:,:,:,:,:,:,:,:,:,:,"1,167.3","1,201.1","1,213.1","1,233.8",:,:,"1,291.7","1,313.7","1,339.7"
Stuttgart,:,:,:,:,:,:,:,:,:,:,:,"1,204.2","1,227.2","1,247.5","1,272.2",:,:,"1,374.3","1,389.6","1,412.2"
Leipzig,:,:,:,:,:,:,:,:,:,:,:,:,446.4,451.6,458.5,:,:,488.7,482.6,494.2
Dresden,:,:,:,:,:,:,:,:,:,:,:,:,614.2,610.9,613.0,:,:,620.5,634.3,625.5
Düsseldorf,:,:,:,:,:,:,:,:,:,:,:,685.3,706.2,713.5,718.2,:,:,733.9,741.2,731.7
Bremen,:,:,:,:,:,:,:,:,:,:,:,947.1,561.5,562.5,562.0,:,:,585.3,598.2,600.4
Hannover,:,:,:,:,:,:,:,:,:,:,:,119.5,566.8,585.5,589.9,:,:,604.5,602.5,599.6
Nürnberg,:,:,:,:,:,:,:,:,:,:,:,614.6,619.8,628.2,622.2,:,:,643.9,652.4,652.4
Bielefeld,:,:,:,:,:,:,:,:,:,:,:,132.6,136.1,139.8,140.3,:,:,153.4,154.8,156.3
Halle an der Saale,:,:,:,:,:,:,:,:,:,:,:,185.4,189.1,187.6,187.5,:,:,194.9,187.3,180.4
Magdeburg,:,:,:,:,:,:,:,:,:,:,:,230.5,237.0,234.3,233.9,:,:,227.8,226.2,226.4
Wiesbaden,:,:,:,:,:,:,:,:,:,:,:,202.0,208.6,210.1,211.6,:,:,219.8,219.7,207.5
Göttingen,:,:,:,:,:,:,:,:,:,:,:,:,:,:,:,:,:,205.0,200.5,210.1
Darmstadt,:,:,:,:,:,:,:,:,:,:,:,197.2,202.4,204.4,207.2,:,:,208.7,214.3,209.0
Freiburg im Breisgau,:,:,:,:,:,:,:,:,:,:,:,292.0,294.5,302.3,304.7,:,:,334.4,334.1,328.5
Regensburg,:,:,:,:,:,:,:,:,:,:,:,206.6,214.0,217.5,223.3,:,:,243.1,238.0,232.9
Schwerin,:,:,:,:,:,:,:,:,:,:,:,214.7,214.9,208.9,207.7,:,:,153.9,141.6,136.6
Erfurt,:,:,:,:,:,:,:,:,:,:,:,241.7,246.9,243.7,245.1,:,:,251.5,245.5,244.3
Augsburg,:,:,:,:,:,:,:,:,:,:,:,293.1,295.7,298.3,305.4,:,:,333.1,347.5,343.6
Bonn,:,:,:,:,:,:,:,:,:,:,:,441.9,393.8,396.2,395.3,:,:,430.4,430.2,429.3
Karlsruhe,:,:,:,:,:,:,:,:,:,:,:,327.7,337.2,342.0,351.1,:,:,340.8,369.1,366.8
Mönchengladbach,:,:,:,:,:,:,:,:,:,:,:,105.7,109.0,109.4,109.8,:,:,114.9,120.7,118.6
Mainz,:,:,:,:,:,:,:,:,:,:,:,183.8,188.5,192.3,195.3,:,:,212.4,213.3,214.8
Ruhrgebiet,:,:,:,:,:,:,:,:,:,:,:,"2,058.8","2,107.3","2,121.3","2,121.9",:,:,"2,178.4","2,213.3","2,248.1"
Kiel,:,:,:,:,:,:,:,:,:,:,:,269.3,273.2,277.3,275.2,:,:,292.3,295.0,305.4
Saarbrücken,:,:,:,:,:,:,:,:,:,:,:,346.4,345.9,354.4,356.8,:,:,370.1,359.9,359.7
Koblenz,:,:,:,:,:,:,:,:,:,:,:,140.3,142.9,143.7,145.2,:,:,160.9,157.8,154.7
Rostock,:,:,:,:,:,:,:,:,:,:,:,267.6,270.3,266.2,266.1,:,:,189.3,189.5,188.0
Kaiserslautern,:,:,:,:,:,:,:,:,:,:,:,117.8,120.2,121.1,121.2,:,:,120.6,121.8,119.6
Iserlohn,:,:,:,:,:,:,:,:,:,:,:,186.6,194.0,194.7,193.2,:,:,189.8,190.9,187.5
Flensburg,:,:,:,:,:,:,:,:,:,:,:,111.0,112.8,114.3,113.8,:,:,138.9,134.6,138.6
Konstanz,:,:,:,:,:,:,:,:,:,:,:,121.5,122.6,124.9,125.0,:,:,138.5,144.5,143.8
Gießen,:,:,:,:,:,:,:,:,:,:,:,110.9,115.2,114.4,116.7,:,:,127.3,125.2,126.9
Bayreuth,:,:,:,:,:,:,:,:,:,:,:,109.7,115.1,117.0,117.0,:,:,132.0,131.9,121.3
Aschaffenburg,:,:,:,:,:,:,:,:,:,:,:,171.4,175.1,179.4,180.3,:,:,182.6,182.9,185.2
Neubrandenburg,:,:,:,:,:,:,:,:,:,:,:,:,:,:,:,:,:,115.3,122.2,113.8
Rosenheim,:,:,:,:,:,:,:,:,:,:,:,135.0,139.0,141.6,143.8,:,:,158.7,163.2,153.4
Offenburg,:,:,:,:,:,:,:,:,:,:,:,216.0,217.5,220.9,220.9,:,:,206.4,210.1,221.9
Görlitz,:,:,:,:,:,:,:,:,:,:,:,:,111.2,108.8,108.4,:,:,109.1,100.7,104.4
Schweinfurt,:,:,:,:,:,:,:,:,:,:,:,123.5,125.4,128.6,129.1,:,:,130.6,131.0,139.6
Wetzlar,:,:,:,:,:,:,:,:,:,:,:,113.8,118.4,117.4,118.9,:,:,119.5,118.7,118.1
Braunschweig-Salzgitter-Wolfsburg,:,:,:,:,:,:,:,:,:,:,:,435.3,450.9,454.4,453.4,:,:,464.8,464.3,466.4
Mannheim-Ludwigshafen,:,:,:,:,:,:,:,:,:,:,:,509.9,522.9,531.2,541.4,:,:,541.1,555.6,551.3
Münster,:,:,:,:,:,:,:,:,:,:,:,224.1,232.1,235.0,236.9,:,:,268.3,258.7,271.4
Aachen,:,:,:,:,:,:,:,:,:,:,:,:,228.4,229.9,229.7,:,:,257.9,251.7,243.0
Lübeck,:,:,:,:,:,:,:,:,:,:,:,170.4,174.2,178.0,176.7,:,:,178.3,183.0,183.4
Kassel,:,:,:,:,:,:,:,:,:,:,:,186.5,194.6,196.5,197.4,:,:,191.0,210.8,204.6
Osnabrück,:,:,:,:,:,:,:,:,:,:,:,239.1,245.7,247.5,252.3,:,:,247.5,245.6,249.4
Oldenburg (Oldenburg),:,:,:,:,:,:,:,:,:,:,:,181.5,187.7,188.8,193.8,:,:,199.4,206.0,211.4
Heidelberg,:,:,:,:,:,:,:,:,:,:,:,297.4,304.6,307.4,314.5,:,:,349.4,343.0,344.8
Paderborn,:,:,:,:,:,:,:,:,:,:,:,129.7,133.1,137.9,138.2,:,:,147.8,143.6,147.2
Würzburg,:,:,:,:,:,:,:,:,:,:,:,230.2,234.8,241.1,243.3,:,:,252.1,252.6,259.9
Bremerhaven,:,:,:,:,:,:,:,:,:,:,:,128.8,130.0,130.8,129.9,:,:,129.9,131.6,135.6
Heilbronn,:,:,:,:,:,:,:,:,:,:,:,205.7,210.5,213.8,216.8,:,:,237.6,239.8,246.4
Ulm,:,:,:,:,:,:,:,:,:,:,:,229.1,234.9,233.6,237.1,:,:,235.5,243.9,247.4
Pforzheim,:,:,:,:,:,:,:,:,:,:,:,141.6,145.7,147.5,151.8,:,:,146.3,150.2,159.6
Ingolstadt,:,:,:,:,:,:,:,:,:,:,:,227.2,233.3,239.3,244.3,:,:,247.1,253.2,257.5
Reutlingen,:,:,:,:,:,:,:,:,:,:,:,130.9,135.0,134.9,137.0,:,:,131.2,135.6,134.3
Siegen,:,:,:,:,:,:,:,:,:,:,:,180.9,186.2,187.8,187.1,:,:,187.7,193.6,194.0
Hildesheim,:,:,:,:,:,:,:,:,:,:,:,64.2,119.6,123.1,123.2,:,:,124.3,132.1,135.2
Zwickau,:,:,:,:,:,:,:,:,:,:,:,:,149.3,146.9,148.1,:,:,153.9,150.4,143.6
Wuppertal,:,:,:,:,:,:,:,:,:,:,:,143.2,147.6,147.6,147.7,:,:,153.0,161.4,164.6
Düren,:,:,:,:,:,:,:,:,:,:,:,126.9,112.6,113.1,113.3,:,:,117.0,110.7,117.4
Bocholt,:,:,:,:,:,:,:,:,:,:,:,159.5,164.9,166.8,168.1,:,:,181.7,184.8,191.2
Non-metropolitan regions in Germany,:,:,:,:,:,:,:,:,:,:,:,:,:,:,:,:,:,"12,358.6","12,390.2","12,406.6"
Ireland,"1,467.5","1,547.2","1,606.2","1,656.3","1,687.4","1,739.4","1,841.1","1,930.7","2,059.6","2,053.2","1,904.8","1,830.0","1,797.7","1,787.8","1,839.8","1,887.4","1,945.3","2,003.8","2,066.6","2,120.0"
Dublin,:,:,:,:,:,:,:,:,:,:,:,:,:,794.8,808.0,843.9,872.4,903.0,931.1,971.8
Cork,:,:,:,:,:,:,:,:,:,:,:,:,:,267.6,275.9,273.3,282.2,290.4,298.6,303.5
Non-metropolitan regions in Ireland,:,:,:,:,:,:,:,:,:,:,:,:,:,725.5,755.8,770.2,790.8,810.5,836.9,844.6
Spain,"14,181.6","14,967.1","15,612.3","16,315.1","16,984.6","17,585.5","18,682.8","19,405.8","20,039.5","19,987.3","18,753.1","18,422.3","18,146.9","17,392.8","16,927.2","17,131.2","17,633.7","18,086.8","18,530.6","19,002.3"
Madrid,:,:,:,"2,485.7","2,588.4","2,709.7","2,846.8","2,948.2","3,051.3","3,057.2","2,935.3","2,896.7","2,852.1","2,775.8","2,687.1","2,681.8","2,772.5","2,799.1","2,869.8","2,945.9"
Barcelona,:,:,:,"2,130.1","2,227.6","2,310.9","2,446.9","2,520.7","2,589.1","2,595.6","2,382.3","2,354.3","2,325.4","2,198.9","2,147.7","2,203.0","2,235.3","2,331.1","2,396.0","2,451.7"
Valencia,:,:,:,917.8,958.5,995.6,"1,053.0","1,107.0","1,150.8","1,136.6","1,018.7","1,001.2",980.6,930.8,903.5,920.5,962.5,979.7,"1,005.9","1,044.3"
Sevilla,:,:,:,603.8,624.2,649.5,693.1,718.9,741.3,741.4,687.6,676.5,671.5,638.4,611.7,623.5,650.9,660.4,690.2,716.2
Zaragoza,:,:,:,356.8,373.4,390.2,411.0,418.9,447.4,444.4,414.4,402.2,389.9,390.4,373.4,376.5,389.3,398.2,408.5,414.4
Málaga - Marbella,:,:,:,470.9,473.4,495.7,558.0,583.9,611.7,584.1,545.9,535.5,518.7,507.8,494.0,528.5,561.1,569.5,579.2,621.6
Murcia - Cartagena,:,:,:,472.0,508.0,529.3,561.0,590.4,617.3,605.3,562.1,552.3,536.6,520.4,507.3,523.3,523.7,555.7,571.8,582.0
Las Palmas,:,:,:,289.6,306.9,313.7,331.6,347.2,353.9,330.2,304.4,295.5,293.5,289.1,290.2,289.7,305.3,311.5,322.4,343.3
Valladolid,:,:,:,200.3,205.7,201.7,219.7,234.1,239.8,239.0,229.0,223.4,222.5,215.9,206.9,204.9,211.6,213.4,210.7,220.2
Palma de Mallorca,:,:,:,316.6,330.1,340.5,354.3,377.1,388.3,393.8,370.4,365.5,357.5,356.6,361.3,369.4,388.7,401.5,402.4,417.9
Vitoria/Gasteiz,:,:,:,131.7,136.4,141.1,140.5,144.6,146.3,152.7,143.6,145.3,147.2,135.5,134.1,133.1,133.1,135.8,135.0,140.0
Oviedo - Gijón,:,:,:,364.5,374.4,382.0,401.7,420.5,429.8,447.5,421.4,407.6,397.0,379.0,364.7,372.2,371.5,380.1,388.8,384.8
Pamplona/Iruña,:,:,:,244.6,250.2,254.1,271.9,279.2,288.4,289.6,278.0,277.0,276.0,263.7,255.0,260.5,261.3,263.1,274.1,277.8
Santander,:,:,:,207.7,216.7,223.9,236.1,247.4,256.5,259.8,247.6,240.3,237.2,231.1,220.5,223.9,226.0,232.1,234.5,237.6
Bilbao,:,:,:,453.4,467.4,471.7,499.9,514.7,510.7,509.8,482.3,492.0,484.4,466.1,450.5,445.6,447.9,459.4,467.2,468.2
Córdoba,:,:,:,:,:,:,:,:,:,:,275.9,271.0,259.1,245.6,243.2,243.7,256.7,263.5,267.9,273.8
Alicante/Alacant - Elche/Elx,:,:,:,590.0,613.3,677.8,712.0,738.9,748.4,758.8,704.8,673.3,669.4,638.3,639.7,652.5,670.5,707.4,728.7,732.9
Vigo,:,:,:,337.9,354.7,366.8,381.9,395.8,407.5,405.6,384.9,366.5,357.7,342.2,336.9,333.4,337.2,347.2,349.7,357.8
Santa Cruz de Tenerife,:,:,:,290.2,309.4,313.8,333.0,347.9,362.9,347.3,324.5,321.5,329.8,313.6,303.8,312.4,337.0,349.4,356.7,377.2
A Coruña,:,:,:,410.1,429.5,429.7,461.0,470.1,477.4,485.1,481.4,462.2,456.4,446.2,428.1,424.8,434.4,444.0,447.4,456.3
Granada,:,:,:,262.8,278.1,286.7,304.3,331.7,340.6,328.8,305.9,298.6,299.2,279.2,277.5,282.2,302.1,308.0,321.1,323.7
Guipúzcoa,:,:,:,:,:,:,:,:,:,:,312.7,313.3,313.8,293.3,280.0,278.9,286.7,297.1,292.4,303.0
Cádiz,:,:,:,:,:,:,:,:,:,:,405.2,392.4,384.9,368.9,347.4,335.8,359.0,378.4,393.2,400.1
Non-metropolitan regions in Spain,:,:,:,"4,778.7","4,958.5","5,101.1","5,465.1","5,668.8","5,880.3","5,874.6","4,534.7","4,458.2","4,386.8","4,166.2","4,062.7","4,111.2","4,209.3","4,301.2","4,417.1","4,511.5"
United Kingdom,"24,949.9","25,342.6","25,662.5","25,799.6","26,086.5","26,307.0","26,718.4","27,033.9","27,278.9","27,495.4","27,147.9","27,197.3","27,388.8","27,621.7","27,941.5","28,568.2","28,973.4","29,403.9","29,766.1","30,098.0"
London,:,:,:,:,:,:,:,:,:,:,:,"5,970.9","6,034.0","6,150.3","6,345.2","6,466.2","6,578.6","6,737.3","6,797.2","6,907.0"
West Midlands urban area,:,:,:,:,:,:,:,:,:,:,904.3,928.1,934.3,956.9,953.3,975.2,970.9,"1,005.7","1,018.2","1,063.5"
Leeds,:,:,:,:,:,:,:,:,:,:,732.8,723.9,705.9,736.6,739.3,746.1,778.8,791.1,799.2,806.2
Glasgow,:,:,:,:,:,:,:,:,:,:,:,:,:,:,795.0,804.8,841.0,850.8,850.1,868.0
Bradford,:,:,:,:,:,:,:,:,:,:,197.3,197.4,198.8,206.4,204.2,215.6,211.8,214.3,211.4,213.0
Liverpool,:,:,:,:,:,:,:,:,:,:,:,693.2,709.5,722.2,718.2,707.7,737.9,740.9,733.7,779.8
Edinburgh,:,:,:,:,:,:,:,:,:,:,:,:,:,:,409.1,395.0,404.9,409.2,429.0,444.6
Manchester,:,:,:,:,:,:,:,:,:,:,:,"1,498.1","1,516.7","1,516.0","1,528.5","1,595.8","1,621.0","1,641.8","1,689.9","1,678.2"
Cardiff,:,:,:,:,:,:,:,:,:,:,451.8,453.1,454.3,459.6,486.3,479.7,497.0,499.4,512.0,527.8
Sheffield,:,:,:,:,:,:,:,:,:,:,209.1,215.2,223.5,227.5,240.6,252.5,238.8,237.0,237.0,255.4
Bristol,:,:,:,:,:,:,:,:,:,:,488.8,490.9,488.3,471.9,500.2,500.9,525.7,532.0,548.5,580.8
Belfast,:,:,:,:,:,:,:,:,:,:,:,:,:,:,324.5,330.7,323.5,346.8,342.5,340.7
Newcastle upon Tyne,:,:,:,:,:,:,:,:,:,:,486.0,476.0,475.3,492.2,483.1,512.4,498.7,520.0,504.0,507.3
Leicester,:,:,:,:,:,:,:,:,:,:,589.3,586.7,594.2,602.0,571.3,601.5,614.5,633.9,625.5,625.3
Aberdeen,:,:,:,:,:,:,:,:,:,:,230.8,231.0,233.3,238.7,227.7,243.5,245.5,235.8,235.2,231.3
Cambridge,:,:,:,:,:,:,:,:,:,:,443.3,290.2,279.8,288.9,292.3,312.1,310.0,306.8,311.9,303.3
Exeter,:,:,:,:,:,:,:,:,:,:,31.8,312.8,324.9,323.6,314.3,312.0,322.7,329.4,330.4,337.3
Portsmouth,:,:,:,:,:,:,:,:,:,:,:,293.3,289.4,290.5,285.8,297.1,281.1,297.8,299.5,300.9
Coventry,:,:,:,:,:,:,:,:,:,:,366.8,374.2,366.8,377.4,365.5,383.1,414.6,422.9,426.7,438.8
Kingston upon Hull,:,:,:,:,:,:,:,:,:,:,248.3,247.3,249.8,251.1,256.3,256.9,252.4,256.3,247.4,266.7
Stoke-on-Trent,:,:,:,:,:,:,:,:,:,:,483.8,476.3,482.5,477.0,478.0,468.0,488.2,504.1,519.0,502.0
Nottingham,:,:,:,:,:,:,:,:,:,:,107.0,97.6,113.9,119.8,115.6,124.9,139.0,131.4,128.6,130.1
Kirklees,:,:,:,:,:,:,:,:,:,:,270.9,274.0,267.9,264.8,265.8,263.7,282.9,277.1,289.7,277.7
Doncaster,:,:,:,:,:,:,:,:,:,:,308.5,320.6,318.4,332.6,343.9,351.8,327.5,336.2,357.3,357.0
Sunderland,:,:,:,:,:,:,:,:,:,:,106.7,103.0,106.4,110.1,115.7,108.1,117.8,104.2,127.5,116.8
Medway,:,:,:,:,:,:,:,:,:,:,737.4,98.3,104.2,113.6,105.5,119.1,123.0,123.5,123.4,136.6
Brighton and Hove,:,:,:,:,:,:,:,:,:,:,431.8,125.3,126.9,132.7,137.2,134.9,132.2,140.6,153.9,145.2
Plymouth,:,:,:,:,:,:,:,:,:,:,62.2,116.0,113.9,109.6,100.1,116.3,127.2,120.6,119.6,121.4
Swansea,:,:,:,:,:,:,:,:,:,:,206.6,192.3,190.4,205.3,210.4,209.3,215.3,224.5,222.6,218.9
Derby,:,:,:,:,:,:,:,:,:,:,108.2,103.2,108.6,109.6,112.2,109.2,120.9,124.8,119.0,105.6
Southampton,:,:,:,:,:,:,:,:,:,:,:,332.1,328.2,331.5,345.5,347.0,347.1,350.1,362.7,370.1
Northampton,:,:,:,:,:,:,:,:,:,:,184.3,168.6,175.8,174.0,171.1,183.4,180.5,189.4,192.1,192.8
Bournemouth,:,:,:,:,:,:,:,:,:,:,130.9,145.3,143.1,149.2,160.9,143.0,155.9,150.0,164.3,161.9
Colchester,:,:,:,:,:,:,:,:,:,:,:,192.2,206.9,191.4,189.6,183.0,207.7,211.0,213.2,228.0
Blackburn - Blackpool - Preston,:,:,:,:,:,:,:,:,:,:,:,296.7,279.5,277.8,266.8,261.1,295.1,304.7,305.6,305.8
Middlesbrough,:,:,:,:,:,:,:,:,:,:,218.9,233.4,216.2,213.6,214.5,229.7,230.7,228.1,236.0,226.8
Oxford,:,:,:,:,:,:,:,:,:,:,296.5,284.9,295.0,308.6,314.4,313.4,324.6,329.3,329.1,335.0
Norwich,:,:,:,:,:,:,:,:,:,:,:,145.9,158.2,159.2,167.7,164.7,166.2,167.6,168.8,160.6
Cheshire West and Chester,:,:,:,:,:,:,:,:,:,:,287.5,277.4,274.7,262.9,271.7,269.2,271.3,273.3,269.9,274.1
Ipswich,:,:,:,:,:,:,:,:,:,:,502.0,316.7,331.6,335.7,319.4,334.2,328.9,331.2,342.7,345.7
Non-metropolitan regions in United Kingdom,:,:,:,:,:,:,:,:,:,:,:,:,:,:,"7,386.7","7,636.9","7,596.8","7,654.1","7,763.6","7,794.8"
,,,,,,,,,,,,,,,,,,,,
Special value:,,,,,,,,,,,,,,,,,,,,
:,not available,,,,,,,,,,,,,,,,,,,
,,,,,,,,,,,,,,,,,,,,
AGE,From 20 to 64 years,,,,,,,,,,,,,,,,,,,
SEX,Males,,,,,,,,,,,,,,,,,,,
UNIT,Thousand persons,,,,,,,,,,,,,,,,,,,
,,,,,,,,,,,,,,,,,,,,
METROREG/TIME,1999 - 1999,2000 - 2000,2001 - 2001,2002 - 2002,2003 - 2003,2004 - 2004,2005 - 2005,2006 - 2006,2007 - 2007,2008 - 2008,2009 - 2009,2010 - 2010,2011 - 2011,2012 - 2012,2013 - 2013,2014 - 2014,2015 - 2015,2016 - 2016,2017 - 2017,2018 - 2018
Germany (until 1990 former territory of the FRG),"19,390.1","19,417.4","19,411.0","19,166.0","18,861.1","18,581.2","18,940.3","19,297.2","19,642.0","19,888.6","19,712.8","19,399.4","19,735.8","19,937.2","20,002.9","20,119.2","20,236.6","20,757.7","20,945.5","20,998.4"
Berlin,:,:,:,:,:,:,:,:,:,:,:,:,"1,154.7","1,190.1","1,201.0",:,:,"1,294.1","1,319.5","1,342.4"
Hamburg,:,:,:,:,:,:,:,:,:,:,:,781.9,789.3,805.1,808.4,:,:,837.4,852.5,856.5
München,:,:,:,:,:,:,:,:,:,:,:,685.2,698.0,721.8,737.2,:,:,781.3,799.1,785.5
Köln,:,:,:,:,:,:,:,:,:,:,:,520.6,461.7,463.7,463.1,:,:,503.9,506.8,508.6
Frankfurt am Main,:,:,:,:,:,:,:,:,:,:,:,622.3,641.7,646.5,652.9,:,:,697.3,703.5,713.6
Stuttgart,:,:,:,:,:,:,:,:,:,:,:,646.6,655.6,668.1,676.8,:,:,743.8,753.8,756.8
Leipzig,:,:,:,:,:,:,:,:,:,:,:,:,234.0,232.5,235.9,:,:,250.5,246.9,253.8
Dresden,:,:,:,:,:,:,:,:,:,:,:,:,323.2,326.7,323.3,:,:,327.9,337.9,332.4
Düsseldorf,:,:,:,:,:,:,:,:,:,:,:,359.8,366.8,373.6,375.5,:,:,388.0,393.8,386.8
Bremen,:,:,:,:,:,:,:,:,:,:,:,496.3,299.4,303.1,299.8,:,:,309.8,319.1,322.8
Hannover,:,:,:,:,:,:,:,:,:,:,:,65.4,292.1,307.7,307.0,:,:,318.7,320.0,317.9
Nürnberg,:,:,:,:,:,:,:,:,:,:,:,321.8,323.8,329.2,325.9,:,:,338.6,347.7,350.9
Bielefeld,:,:,:,:,:,:,:,:,:,:,:,69.4,71.7,73.5,73.6,:,:,82.1,81.8,85.4
Halle an der Saale,:,:,:,:,:,:,:,:,:,:,:,95.9,97.9,96.7,97.3,:,:,100.2,94.8,93.6
Magdeburg,:,:,:,:,:,:,:,:,:,:,:,120.1,123.8,121.8,122.4,:,:,120.5,117.9,120.5
Wiesbaden,:,:,:,:,:,:,:,:,:,:,:,104.2,107.6,108.3,108.2,:,:,115.9,114.4,108.3
Göttingen,:,:,:,:,:,:,:,:,:,:,:,:,:,:,:,:,:,106.6,102.8,108.3
Darmstadt,:,:,:,:,:,:,:,:,:,:,:,106.7,109.8,110.4,111.0,:,:,110.9,114.6,111.3
Freiburg im Breisgau,:,:,:,:,:,:,:,:,:,:,:,148.1,150.2,154.6,155.7,:,:,169.0,168.6,169.9
Regensburg,:,:,:,:,:,:,:,:,:,:,:,112.3,115.4,117.0,120.1,:,:,129.8,125.2,126.6
Schwerin,:,:,:,:,:,:,:,:,:,:,:,114.4,115.8,111.4,110.2,:,:,80.6,73.8,72.0
Erfurt,:,:,:,:,:,:,:,:,:,:,:,127.0,130.4,128.8,129.1,:,:,133.0,130.8,130.1
Augsburg,:,:,:,:,:,:,:,:,:,:,:,156.5,158.6,160.8,165.9,:,:,177.3,187.0,183.2
Bonn,:,:,:,:,:,:,:,:,:,:,:,231.6,204.5,204.5,202.9,:,:,220.9,224.7,220.9
Karlsruhe,:,:,:,:,:,:,:,:,:,:,:,175.4,180.9,183.9,187.3,:,:,186.1,199.8,201.2
Mönchengladbach,:,:,:,:,:,:,:,:,:,:,:,57.2,58.2,58.8,58.9,:,:,60.9,63.5,65.1
Mainz,:,:,:,:,:,:,:,:,:,:,:,94.5,96.2,97.4,99.3,:,:,111.7,111.3,110.9
Ruhrgebiet,:,:,:,:,:,:,:,:,:,:,:,"1,121.6","1,137.1","1,148.4","1,139.5",:,:,"1,169.8","1,188.8","1,202.2"
Kiel,:,:,:,:,:,:,:,:,:,:,:,140.7,143.1,145.8,144.2,:,:,152.8,150.1,156.7
Saarbrücken,:,:,:,:,:,:,:,:,:,:,:,189.5,188.9,195.2,194.5,:,:,195.8,190.3,190.6
Koblenz,:,:,:,:,:,:,:,:,:,:,:,74.0,75.6,75.9,76.8,:,:,84.4,82.8,81.9
Rostock,:,:,:,:,:,:,:,:,:,:,:,140.4,142.7,139.5,138.6,:,:,97.9,99.6,98.4
Kaiserslautern,:,:,:,:,:,:,:,:,:,:,:,63.8,64.8,64.5,64.7,:,:,67.2,66.3,63.6
Iserlohn,:,:,:,:,:,:,:,:,:,:,:,104.2,107.2,107.8,105.6,:,:,101.5,102.5,102.1
Flensburg,:,:,:,:,:,:,:,:,:,:,:,56.8,57.9,59.2,58.8,:,:,70.8,70.1,71.8
Konstanz,:,:,:,:,:,:,:,:,:,:,:,61.1,62.0,63.3,63.2,:,:,73.6,73.4,73.2
Gießen,:,:,:,:,:,:,:,:,:,:,:,57.6,59.7,59.7,60.1,:,:,69.9,66.4,68.1
Bayreuth,:,:,:,:,:,:,:,:,:,:,:,58.0,60.8,61.7,61.4,:,:,66.9,67.3,63.4
Aschaffenburg,:,:,:,:,:,:,:,:,:,:,:,95.2,96.7,100.4,98.6,:,:,97.8,99.7,100.7
Neubrandenburg,:,:,:,:,:,:,:,:,:,:,:,:,:,:,:,:,:,60.3,62.3,58.3
Rosenheim,:,:,:,:,:,:,:,:,:,:,:,71.0,72.6,74.0,74.8,:,:,82.6,86.4,78.3
Offenburg,:,:,:,:,:,:,:,:,:,:,:,117.6,119.3,121.2,121.1,:,:,108.0,110.2,116.7
Görlitz,:,:,:,:,:,:,:,:,:,:,:,:,59.8,59.2,57.9,:,:,58.1,54.4,56.3
Schweinfurt,:,:,:,:,:,:,:,:,:,:,:,68.4,69.2,71.8,70.5,:,:,69.7,72.6,76.7
Wetzlar,:,:,:,:,:,:,:,:,:,:,:,63.6,65.8,65.6,65.6,:,:,62.9,64.4,64.0
Braunschweig-Salzgitter-Wolfsburg,:,:,:,:,:,:,:,:,:,:,:,241.6,250.1,250.8,249.6,:,:,254.7,252.3,254.1
Mannheim-Ludwigshafen,:,:,:,:,:,:,:,:,:,:,:,279.0,285.0,288.3,293.1,:,:,291.1,298.6,298.9
Münster,:,:,:,:,:,:,:,:,:,:,:,112.8,117.6,119.5,120.2,:,:,137.1,132.3,138.1
Aachen,:,:,:,:,:,:,:,:,:,:,:,:,125.7,125.8,124.9,:,:,139.7,137.5,133.5
Lübeck,:,:,:,:,:,:,:,:,:,:,:,87.1,89.3,91.7,91.1,:,:,95.1,95.3,96.6
Kassel,:,:,:,:,:,:,:,:,:,:,:,98.2,100.9,102.4,102.5,:,:,100.2,113.8,110.1
Osnabrück,:,:,:,:,:,:,:,:,:,:,:,126.6,131.7,130.6,132.4,:,:,132.6,130.3,128.7
Oldenburg (Oldenburg),:,:,:,:,:,:,:,:,:,:,:,91.4,95.2,94.7,96.6,:,:,105.6,104.4,108.2
Heidelberg,:,:,:,:,:,:,:,:,:,:,:,156.5,160.0,161.6,163.8,:,:,180.6,179.9,178.4
Paderborn,:,:,:,:,:,:,:,:,:,:,:,73.6,75.6,77.8,77.6,:,:,78.8,77.1,81.0
Würzburg,:,:,:,:,:,:,:,:,:,:,:,121.1,123.2,128.1,126.6,:,:,132.3,132.3,137.8
Bremerhaven,:,:,:,:,:,:,:,:,:,:,:,69.4,70.1,71.6,70.4,:,:,69.1,73.1,74.3
Heilbronn,:,:,:,:,:,:,:,:,:,:,:,113.4,115.6,117.5,118.2,:,:,130.3,134.3,140.0
Ulm,:,:,:,:,:,:,:,:,:,:,:,125.4,128.5,127.4,130.0,:,:,127.8,132.4,135.7
Pforzheim,:,:,:,:,:,:,:,:,:,:,:,76.2,78.6,79.7,81.4,:,:,78.0,80.9,84.0
Ingolstadt,:,:,:,:,:,:,:,:,:,:,:,133.7,135.8,139.4,141.9,:,:,138.9,143.7,143.6
Reutlingen,:,:,:,:,:,:,:,:,:,:,:,69.0,71.4,70.8,72.3,:,:,68.2,70.8,69.9
Siegen,:,:,:,:,:,:,:,:,:,:,:,104.8,107.0,107.7,106.2,:,:,101.7,105.3,107.5
Hildesheim,:,:,:,:,:,:,:,:,:,:,:,33.4,62.9,65.8,65.0,:,:,67.6,71.6,71.5
Zwickau,:,:,:,:,:,:,:,:,:,:,:,:,79.6,78.9,79.7,:,:,81.9,79.8,74.5
Wuppertal,:,:,:,:,:,:,:,:,:,:,:,76.6,78.2,78.8,78.9,:,:,81.5,85.9,87.0
Düren,:,:,:,:,:,:,:,:,:,:,:,72.6,63.8,63.4,63.1,:,:,64.2,58.0,59.4
Bocholt,:,:,:,:,:,:,:,:,:,:,:,91.0,94.3,95.2,95.5,:,:,101.2,100.1,105.6
Non-metropolitan regions in Germany,:,:,:,:,:,:,:,:,:,:,:,:,:,:,:,:,:,"6,612.8","6,636.9","6,621.9"
Ireland,869.1,913.3,943.8,958.0,973.2,"1,001.8","1,054.1","1,107.3","1,165.9","1,143.5","1,023.7",972.7,953.8,945.0,983.7,"1,013.7","1,045.8","1,074.4","1,106.5","1,134.4"
Dublin,:,:,:,:,:,:,:,:,:,:,:,:,:,413.2,426.4,448.8,463.4,478.8,493.5,514.7
Cork,:,:,:,:,:,:,:,:,:,:,:,:,:,142.8,148.5,148.8,151.7,156.7,162.2,162.5
Non-metropolitan regions in Ireland,:,:,:,:,:,:,:,:,:,:,:,:,:,389.0,408.8,416.1,430.7,438.9,450.8,457.3
Spain,"9,117.7","9,474.8","9,818.4","10,099.8","10,403.9","10,637.8","11,141.2","11,462.7","11,713.1","11,505.4","10,519.1","10,246.0","9,998.0","9,472.3","9,191.3","9,315.1","9,624.1","9,853.4","10,092.1","10,343.5"
Madrid,:,:,:,"1,460.5","1,515.6","1,543.4","1,584.4","1,641.6","1,685.3","1,669.0","1,564.7","1,530.3","1,498.3","1,427.1","1,394.3","1,399.8","1,438.5","1,450.6","1,483.7","1,528.2"
Barcelona,:,:,:,"1,268.4","1,311.8","1,332.1","1,402.3","1,442.9","1,463.8","1,437.7","1,287.3","1,269.1","1,236.6","1,157.2","1,125.2","1,141.4","1,176.7","1,222.7","1,255.2","1,284.3"
Valencia,:,:,:,556.6,584.9,595.6,626.1,655.9,669.7,656.8,566.7,554.0,539.1,497.9,483.7,502.7,523.6,532.4,551.1,573.3
Sevilla,:,:,:,388.8,396.5,408.8,432.0,434.5,446.3,436.5,395.2,384.7,381.0,356.4,335.7,341.3,358.4,362.8,379.0,398.4
Zaragoza,:,:,:,225.2,229.5,235.2,246.7,247.9,256.1,252.6,229.2,226.0,214.2,213.4,203.2,208.3,219.2,220.8,225.5,222.7
Málaga - Marbella,:,:,:,303.1,298.7,314.4,338.0,356.6,361.8,337.0,307.4,297.9,287.0,267.0,260.9,285.4,308.5,314.0,318.0,355.5
Murcia - Cartagena,:,:,:,302.9,323.4,335.8,353.1,365.3,379.2,358.6,321.5,316.4,306.0,291.2,287.3,300.2,307.1,323.8,329.6,336.9
Las Palmas,:,:,:,178.9,181.8,187.4,195.2,203.3,206.1,191.9,172.7,161.0,160.7,162.9,159.0,158.4,173.8,173.3,175.2,183.1
Valladolid,:,:,:,126.8,128.5,127.8,134.1,139.6,141.4,136.9,126.3,126.0,124.1,118.8,113.4,112.8,116.8,115.2,113.0,117.6
Palma de Mallorca,:,:,:,186.0,192.2,195.7,205.9,216.9,222.2,221.7,201.7,197.1,191.7,192.6,194.8,195.6,206.1,213.3,217.7,222.3
Vitoria/Gasteiz,:,:,:,79.3,81.5,82.3,82.6,85.4,86.7,87.8,79.9,81.7,84.1,74.8,72.6,71.1,70.5,71.3,72.4,75.6
Oviedo - Gijón,:,:,:,228.6,231.6,234.6,239.5,245.7,244.8,250.2,230.6,222.0,211.2,202.8,193.5,195.9,190.9,194.6,202.3,201.2
Pamplona/Iruña,:,:,:,151.2,150.1,152.2,159.0,162.0,169.3,166.9,158.7,155.4,152.3,143.2,140.9,141.7,142.1,142.9,150.9,148.9
Santander,:,:,:,132.4,135.0,139.1,142.0,145.3,148.8,149.3,138.1,135.2,130.3,125.6,120.4,120.5,123.7,124.8,124.3,129.9
Bilbao,:,:,:,275.1,281.6,281.0,293.4,294.2,289.6,286.8,266.0,270.0,255.5,245.2,237.3,233.7,236.7,241.0,242.4,237.6
Córdoba,:,:,:,:,:,:,:,:,:,:,161.8,159.3,148.7,142.2,140.9,141.5,146.7,150.4,157.9,162.5
Alicante/Alacant - Elche/Elx,:,:,:,364.7,380.2,406.6,433.6,444.6,445.2,439.3,397.9,376.5,372.7,365.9,367.7,363.7,367.2,388.8,400.0,404.8
Vigo,:,:,:,206.9,212.9,217.1,225.8,227.8,229.6,226.5,213.4,201.5,195.8,184.1,180.4,177.7,181.8,185.0,182.6,188.6
Santa Cruz de Tenerife,:,:,:,178.3,186.6,190.1,197.9,206.7,209.4,199.6,180.3,176.4,177.2,165.0,156.5,166.4,176.4,185.6,193.0,205.7
A Coruña,:,:,:,245.9,254.5,252.8,258.8,259.2,269.1,269.3,256.8,250.0,241.7,232.7,222.8,220.0,228.4,233.3,232.3,234.5
Granada,:,:,:,169.6,179.1,182.5,190.7,206.4,206.9,196.1,176.0,170.2,170.2,154.2,152.2,161.5,174.3,172.2,177.6,185.1
Guipúzcoa,:,:,:,:,:,:,:,:,:,:,173.1,172.5,172.7,160.0,151.3,148.9,151.3,160.6,161.2,161.3
Cádiz,:,:,:,:,:,:,:,:,:,:,245.9,229.7,224.5,213.0,203.7,193.5,208.0,232.0,233.1,236.0
Non-metropolitan regions in Spain,:,:,:,"3,070.7","3,147.9","3,223.2","3,400.0","3,480.8","3,581.8","3,535.0","2,667.9","2,582.9","2,522.7","2,379.3","2,293.4","2,333.1","2,397.5","2,442.0","2,514.2","2,549.5"
United Kingdom,"13,579.7","13,784.1","13,919.1","13,941.1","14,117.5","14,209.5","14,413.1","14,569.5","14,722.5","14,783.9","14,470.8","14,503.4","14,607.7","14,732.7","14,854.8","15,188.4","15,395.0","15,613.7","15,727.4","15,879.5"
London,:,:,:,:,:,:,:,:,:,:,:,"3,248.1","3,305.9","3,361.1","3,442.2","3,522.7","3,580.1","3,670.2","3,670.4","3,723.2"
West Midlands urban area,:,:,:,:,:,:,:,:,:,:,484.1,507.7,513.8,517.3,518.0,525.2,526.7,554.6,551.2,575.6
Leeds,:,:,:,:,:,:,:,:,:,:,383.2,377.1,372.0,391.3,392.5,389.6,411.0,414.7,421.2,426.8
Glasgow,:,:,:,:,:,:,:,:,:,:,:,:,:,:,399.8,411.2,421.6,426.6,428.4,438.0
Bradford,:,:,:,:,:,:,:,:,:,:,113.2,115.0,106.0,112.4,108.0,121.7,113.7,112.7,118.4,115.7
Liverpool,:,:,:,:,:,:,:,:,:,:,:,359.6,365.9,368.5,367.4,359.4,368.0,366.9,381.2,402.4
Edinburgh,:,:,:,:,:,:,:,:,:,:,:,:,:,:,204.0,192.5,204.6,210.3,219.2,237.3
Manchester,:,:,:,:,:,:,:,:,:,:,:,802.5,817.0,809.2,810.5,853.2,882.5,865.9,893.9,889.6
Cardiff,:,:,:,:,:,:,:,:,:,:,242.0,241.8,240.4,247.1,259.6,261.9,270.8,263.9,268.1,279.9
Sheffield,:,:,:,:,:,:,:,:,:,:,107.5,112.0,122.1,117.5,130.1,133.7,127.0,125.4,126.0,132.5
Bristol,:,:,:,:,:,:,:,:,:,:,259.0,266.8,266.0,247.8,266.8,270.5,278.3,284.8,291.8,304.9
Belfast,:,:,:,:,:,:,:,:,:,:,:,:,:,:,168.0,168.6,171.9,178.4,172.6,173.7
Newcastle upon Tyne,:,:,:,:,:,:,:,:,:,:,249.3,247.4,247.8,260.2,258.0,271.4,257.0,276.6,262.6,259.1
Leicester,:,:,:,:,:,:,:,:,:,:,315.8,316.7,328.9,328.6,315.6,325.1,330.6,332.7,334.8,333.2
Aberdeen,:,:,:,:,:,:,:,:,:,:,128.3,127.8,127.5,133.1,123.0,135.2,129.3,125.1,125.3,122.0
Cambridge,:,:,:,:,:,:,:,:,:,:,238.7,157.9,147.7,156.0,153.5,158.0,160.5,170.6,162.9,154.5
Exeter,:,:,:,:,:,:,:,:,:,:,16.7,160.9,173.2,172.9,163.3,159.4,163.3,169.9,165.5,165.3
Portsmouth,:,:,:,:,:,:,:,:,:,:,:,147.4,153.5,150.9,156.9,151.4,143.6,153.5,157.2,166.1
Coventry,:,:,:,:,:,:,:,:,:,:,196.7,200.2,194.7,203.4,198.0,205.3,226.9,236.7,229.4,239.6
Kingston upon Hull,:,:,:,:,:,:,:,:,:,:,134.2,130.0,130.3,133.9,137.0,141.6,135.6,136.5,125.6,136.0
Stoke-on-Trent,:,:,:,:,:,:,:,:,:,:,259.7,256.9,263.3,263.6,254.6,255.7,260.4,275.7,277.2,271.6
Nottingham,:,:,:,:,:,:,:,:,:,:,53.9,50.9,62.5,59.7,56.1,64.6,71.1,70.0,70.0,71.8
Kirklees,:,:,:,:,:,:,:,:,:,:,149.7,144.8,142.1,139.9,141.9,142.7,150.0,144.4,151.9,148.6
Doncaster,:,:,:,:,:,:,:,:,:,:,163.1,164.0,169.6,184.5,185.6,189.0,170.8,180.2,190.0,185.2
Sunderland,:,:,:,:,:,:,:,:,:,:,54.8,57.5,57.9,56.2,60.1,56.2,60.1,52.5,62.6,58.9
Medway,:,:,:,:,:,:,:,:,:,:,399.7,56.6,57.1,57.9,55.3,62.6,63.0,66.4,65.6,67.5
Brighton and Hove,:,:,:,:,:,:,:,:,:,:,228.1,65.8,67.3,69.5,69.5,75.1,73.5,77.7,81.7,73.7
Plymouth,:,:,:,:,:,:,:,:,:,:,29.9,61.5,60.8,60.3,51.4,61.2,67.5,62.2,59.4,65.1
Swansea,:,:,:,:,:,:,:,:,:,:,108.7,100.8,98.1,106.9,105.2,104.4,110.6,113.9,119.9,122.1
Derby,:,:,:,:,:,:,:,:,:,:,59.1,52.7,53.5,56.3,60.9,56.5,64.3,67.8,66.4,59.5
Southampton,:,:,:,:,:,:,:,:,:,:,:,176.0,170.0,179.0,182.3,185.2,184.0,186.1,195.7,195.0
Northampton,:,:,:,:,:,:,:,:,:,:,97.0,90.6,93.8,87.5,89.1,97.9,96.2,97.0,92.1,98.2
Bournemouth,:,:,:,:,:,:,:,:,:,:,70.8,73.7,74.8,81.2,85.8,76.0,88.3,82.3,83.0,87.7
Colchester,:,:,:,:,:,:,:,:,:,:,:,104.8,110.9,106.7,109.1,101.4,109.0,112.7,112.3,120.7
Blackburn - Blackpool - Preston,:,:,:,:,:,:,:,:,:,:,:,155.1,146.7,150.9,146.6,138.1,156.3,158.1,162.5,162.4
Middlesbrough,:,:,:,:,:,:,:,:,:,:,116.0,118.5,111.6,113.2,108.3,112.4,118.6,117.0,118.0,111.0
Oxford,:,:,:,:,:,:,:,:,:,:,154.3,151.2,161.0,163.3,173.4,163.5,168.8,176.1,171.0,171.0
Norwich,:,:,:,:,:,:,:,:,:,:,:,80.2,82.0,86.1,89.6,92.2,91.1,85.9,85.3,81.8
Cheshire West and Chester,:,:,:,:,:,:,:,:,:,:,153.5,151.9,151.4,136.8,139.0,139.9,142.7,144.1,140.1,138.7
Ipswich,:,:,:,:,:,:,:,:,:,:,270.4,169.3,174.2,172.1,171.7,176.0,176.7,174.7,185.3,185.0
Non-metropolitan regions in United Kingdom,:,:,:,:,:,:,:,:,:,:,:,:,:,:,"3,891.9","4,021.9","3,999.7","4,029.6","4,075.7","4,068.3"
,,,,,,,,,,,,,,,,,,,,
Special value:,,,,,,,,,,,,,,,,,,,,
:,not available,,,,,,,,,,,,,,,,,,,
,,,,,,,,,,,,,,,,,,,,
AGE,From 20 to 64 years,,,,,,,,,,,,,,,,,,,
SEX,Females,,,,,,,,,,,,,,,,,,,
UNIT,Thousand persons,,,,,,,,,,,,,,,,,,,
,,,,,,,,,,,,,,,,,,,,
METROREG/TIME,1999 - 1999,2000 - 2000,2001 - 2001,2002 - 2002,2003 - 2003,2004 - 2004,2005 - 2005,2006 - 2006,2007 - 2007,2008 - 2008,2009 - 2009,2010 - 2010,2011 - 2011,2012 - 2012,2013 - 2013,2014 - 2014,2015 - 2015,2016 - 2016,2017 - 2017,2018 - 2018
Germany (until 1990 former territory of the FRG),"15,019.3","15,208.2","15,425.0","15,444.2","15,441.8","15,283.9","15,673.2","16,074.1","16,425.5","16,694.3","16,872.0","16,832.4","17,219.2","17,352.9","17,580.8","17,753.5","17,911.3","18,310.5","18,440.7","18,552.8"
Berlin,:,:,:,:,:,:,:,:,:,:,:,:,"1,092.5","1,102.5","1,120.9",:,:,"1,197.9","1,216.6","1,242.9"
Hamburg,:,:,:,:,:,:,:,:,:,:,:,700.8,713.6,720.8,734.9,:,:,760.8,784.5,783.3
München,:,:,:,:,:,:,:,:,:,:,:,628.6,649.4,662.6,679.5,:,:,706.7,708.9,715.6
Köln,:,:,:,:,:,:,:,:,:,:,:,447.4,404.8,411.0,415.5,:,:,458.1,455.8,459.5
Frankfurt am Main,:,:,:,:,:,:,:,:,:,:,:,545.0,559.4,566.6,580.9,:,:,594.4,610.2,626.2
Stuttgart,:,:,:,:,:,:,:,:,:,:,:,557.9,572.0,579.7,595.8,:,:,630.5,635.8,655.4
Leipzig,:,:,:,:,:,:,:,:,:,:,:,:,212.4,219.1,222.7,:,:,238.1,235.7,240.4
Dresden,:,:,:,:,:,:,:,:,:,:,:,:,290.9,284.1,289.7,:,:,292.6,296.4,293.1
Düsseldorf,:,:,:,:,:,:,:,:,:,:,:,325.9,340.1,340.3,343.0,:,:,345.8,347.4,344.9
Bremen,:,:,:,:,:,:,:,:,:,:,:,450.8,262.0,259.4,262.2,:,:,275.5,279.1,277.6
Hannover,:,:,:,:,:,:,:,:,:,:,:,54.1,274.8,277.8,283.0,:,:,285.8,282.5,281.7
Nürnberg,:,:,:,:,:,:,:,:,:,:,:,292.8,296.1,299.1,296.4,:,:,305.3,304.8,301.6
Bielefeld,:,:,:,:,:,:,:,:,:,:,:,63.4,64.4,66.5,66.8,:,:,71.3,73.0,70.9
Halle an der Saale,:,:,:,:,:,:,:,:,:,:,:,89.4,91.1,90.8,90.2,:,:,94.7,92.6,86.8
Magdeburg,:,:,:,:,:,:,:,:,:,:,:,110.4,113.2,112.5,111.5,:,:,107.3,108.2,105.9
Wiesbaden,:,:,:,:,:,:,:,:,:,:,:,97.8,101.0,101.8,103.4,:,:,103.8,105.3,99.2
Göttingen,:,:,:,:,:,:,:,:,:,:,:,:,:,:,:,:,:,98.4,97.7,101.8
Darmstadt,:,:,:,:,:,:,:,:,:,:,:,90.4,92.6,94.0,96.2,:,:,97.7,99.6,97.7
Freiburg im Breisgau,:,:,:,:,:,:,:,:,:,:,:,143.9,144.4,147.7,149.0,:,:,165.4,165.5,158.7
Regensburg,:,:,:,:,:,:,:,:,:,:,:,94.2,98.6,100.5,103.3,:,:,113.3,112.8,106.3
Schwerin,:,:,:,:,:,:,:,:,:,:,:,100.4,99.3,97.6,97.6,:,:,73.3,67.8,64.6
Erfurt,:,:,:,:,:,:,:,:,:,:,:,114.6,116.5,114.9,115.9,:,:,118.5,114.7,114.2
Augsburg,:,:,:,:,:,:,:,:,:,:,:,136.7,137.1,137.5,139.6,:,:,155.9,160.6,160.4
Bonn,:,:,:,:,:,:,:,:,:,:,:,210.3,189.5,191.9,192.6,:,:,209.5,205.5,208.4
Karlsruhe,:,:,:,:,:,:,:,:,:,:,:,152.3,156.3,158.1,163.8,:,:,154.8,169.3,165.6
Mönchengladbach,:,:,:,:,:,:,:,:,:,:,:,48.5,50.8,50.6,50.9,:,:,54.0,57.2,53.5
Mainz,:,:,:,:,:,:,:,:,:,:,:,89.5,92.6,95.2,96.3,:,:,100.7,102.0,103.8
Ruhrgebiet,:,:,:,:,:,:,:,:,:,:,:,937.4,970.5,973.3,983.0,:,:,"1,008.6","1,024.4","1,045.9"
Kiel,:,:,:,:,:,:,:,:,:,:,:,128.6,130.1,131.5,130.9,:,:,139.5,144.9,148.8
Saarbrücken,:,:,:,:,:,:,:,:,:,:,:,156.8,157.0,159.1,162.3,:,:,174.3,169.6,169.1
Koblenz,:,:,:,:,:,:,:,:,:,:,:,66.4,67.3,67.8,68.4,:,:,76.5,75.1,72.8
Rostock,:,:,:,:,:,:,:,:,:,:,:,127.1,127.5,126.6,127.5,:,:,91.4,89.9,89.7
Kaiserslautern,:,:,:,:,:,:,:,:,:,:,:,53.9,55.4,56.5,56.5,:,:,53.4,55.5,56.0
Iserlohn,:,:,:,:,:,:,:,:,:,:,:,82.4,86.7,86.8,87.4,:,:,88.3,88.4,85.4
Flensburg,:,:,:,:,:,:,:,:,:,:,:,54.2,54.8,55.1,55.0,:,:,68.1,64.5,66.9
Konstanz,:,:,:,:,:,:,:,:,:,:,:,60.4,60.6,61.6,61.7,:,:,64.9,71.1,70.5
Gießen,:,:,:,:,:,:,:,:,:,:,:,53.4,55.6,54.8,56.6,:,:,57.3,58.8,58.9
Bayreuth,:,:,:,:,:,:,:,:,:,:,:,51.6,54.3,55.3,55.6,:,:,65.1,64.7,57.8
Aschaffenburg,:,:,:,:,:,:,:,:,:,:,:,76.1,78.3,79.0,81.6,:,:,84.8,83.3,84.6
Neubrandenburg,:,:,:,:,:,:,:,:,:,:,:,:,:,:,:,:,:,54.9,59.9,55.6
Rosenheim,:,:,:,:,:,:,:,:,:,:,:,63.9,66.4,67.6,69.0,:,:,76.1,76.8,75.1
Offenburg,:,:,:,:,:,:,:,:,:,:,:,98.4,98.2,99.8,99.9,:,:,98.3,99.9,105.2
Görlitz,:,:,:,:,:,:,:,:,:,:,:,:,51.4,49.7,50.6,:,:,51.0,46.3,48.0
Schweinfurt,:,:,:,:,:,:,:,:,:,:,:,55.1,56.2,56.7,58.5,:,:,60.9,58.4,62.9
Wetzlar,:,:,:,:,:,:,:,:,:,:,:,50.1,52.4,51.8,53.2,:,:,56.6,54.3,54.1
Braunschweig-Salzgitter-Wolfsburg,:,:,:,:,:,:,:,:,:,:,:,193.4,200.5,203.2,203.5,:,:,210.1,212.0,212.4
Mannheim-Ludwigshafen,:,:,:,:,:,:,:,:,:,:,:,230.8,237.7,242.7,248.1,:,:,250.1,256.9,252.4
Münster,:,:,:,:,:,:,:,:,:,:,:,112.2,115.2,116.2,117.2,:,:,131.2,126.4,133.3
Aachen,:,:,:,:,:,:,:,:,:,:,:,:,102.7,104.0,104.7,:,:,118.2,114.2,109.5
Lübeck,:,:,:,:,:,:,:,:,:,:,:,83.2,84.9,86.2,85.5,:,:,83.2,87.7,86.8
Kassel,:,:,:,:,:,:,:,:,:,:,:,88.4,93.9,94.2,95.1,:,:,90.9,97.0,94.5
Osnabrück,:,:,:,:,:,:,:,:,:,:,:,112.9,114.3,117.2,120.3,:,:,114.9,115.4,120.7
Oldenburg (Oldenburg),:,:,:,:,:,:,:,:,:,:,:,91.0,93.2,94.9,98.1,:,:,93.9,101.6,103.2
Heidelberg,:,:,:,:,:,:,:,:,:,:,:,141.0,144.8,145.9,150.8,:,:,168.8,163.1,166.4
Paderborn,:,:,:,:,:,:,:,:,:,:,:,56.0,57.4,60.0,60.4,:,:,69.0,66.5,66.2
Würzburg,:,:,:,:,:,:,:,:,:,:,:,109.3,111.8,113.1,116.9,:,:,119.7,120.3,122.1
Bremerhaven,:,:,:,:,:,:,:,:,:,:,:,59.3,59.9,59.3,59.5,:,:,60.8,58.4,61.3
Heilbronn,:,:,:,:,:,:,:,:,:,:,:,92.1,94.8,96.2,98.5,:,:,107.3,105.5,106.5
Ulm,:,:,:,:,:,:,:,:,:,:,:,103.6,106.3,106.1,107.0,:,:,107.7,111.5,111.7
Pforzheim,:,:,:,:,:,:,:,:,:,:,:,65.5,67.1,67.8,70.4,:,:,68.3,69.4,75.6
Ingolstadt,:,:,:,:,:,:,:,:,:,:,:,93.9,97.7,100.2,102.5,:,:,108.1,109.5,113.9
Reutlingen,:,:,:,:,:,:,:,:,:,:,:,62.0,63.7,64.2,64.7,:,:,62.9,64.8,64.4
Siegen,:,:,:,:,:,:,:,:,:,:,:,75.8,78.9,79.8,80.6,:,:,86.1,88.3,86.5
Hildesheim,:,:,:,:,:,:,:,:,:,:,:,30.8,56.7,57.3,58.2,:,:,56.8,60.5,63.7
Zwickau,:,:,:,:,:,:,:,:,:,:,:,:,69.6,68.1,68.4,:,:,72.0,70.6,69.1
Wuppertal,:,:,:,:,:,:,:,:,:,:,:,66.7,69.5,68.8,68.8,:,:,71.6,75.5,77.6
Düren,:,:,:,:,:,:,:,:,:,:,:,54.4,48.8,49.6,50.1,:,:,52.8,52.7,57.9
Bocholt,:,:,:,:,:,:,:,:,:,:,:,67.9,70.2,71.1,72.2,:,:,80.6,84.7,85.6
Non-metropolitan regions in Germany,:,:,:,:,:,:,:,:,:,:,:,:,:,:,:,:,:,"5,745.7","5,753.3","5,784.7"
Ireland,598.4,633.9,662.4,698.3,714.3,737.6,786.9,823.4,893.7,909.7,881.1,857.3,843.9,842.8,856.1,873.7,899.6,929.5,960.2,985.5
Dublin,:,:,:,:,:,:,:,:,:,:,:,:,:,381.6,381.6,395.2,409.0,424.2,437.6,457.1
Cork,:,:,:,:,:,:,:,:,:,:,:,:,:,124.8,127.4,124.4,130.5,133.7,136.4,141.1
Non-metropolitan regions in Ireland,:,:,:,:,:,:,:,:,:,:,:,:,:,336.5,347.1,354.1,360.1,371.6,386.1,387.3
Spain,"5,063.8","5,492.3","5,793.8","6,215.3","6,580.7","6,947.7","7,541.7","7,943.0","8,326.4","8,481.9","8,234.0","8,176.2","8,148.8","7,920.5","7,735.9","7,816.1","8,009.5","8,233.5","8,438.5","8,658.8"
Madrid,:,:,:,"1,025.2","1,072.8","1,166.2","1,262.4","1,306.7","1,366.0","1,388.2","1,370.6","1,366.3","1,353.8","1,348.7","1,292.8","1,282.0","1,334.0","1,348.5","1,386.1","1,417.7"
Barcelona,:,:,:,861.8,915.8,978.8,"1,044.6","1,077.8","1,125.3","1,157.9","1,095.0","1,085.1","1,088.7","1,041.7","1,022.5","1,061.6","1,058.6","1,108.3","1,140.8","1,167.4"
Valencia,:,:,:,361.2,373.6,400.0,426.9,451.0,481.1,479.9,452.1,447.3,441.5,432.9,419.8,417.8,438.9,447.3,454.8,471.0
Sevilla,:,:,:,215.0,227.6,240.6,261.1,284.4,294.9,304.8,292.4,291.8,290.6,282.0,275.9,282.1,292.5,297.6,311.2,317.7
Zaragoza,:,:,:,131.5,144.0,154.9,164.3,170.9,191.3,191.8,185.3,176.2,175.7,176.9,170.3,168.2,170.1,177.4,183.1,191.7
Málaga - Marbella,:,:,:,167.8,174.7,181.2,220.1,227.3,250.0,247.1,238.5,237.6,231.7,240.8,233.0,243.1,252.6,255.5,261.3,266.1
Murcia - Cartagena,:,:,:,169.2,184.6,193.5,207.9,225.1,238.1,246.7,240.6,235.9,230.6,229.2,220.0,223.0,216.6,231.9,242.1,245.1
Las Palmas,:,:,:,110.7,125.1,126.3,136.4,143.9,147.8,138.4,131.7,134.4,132.8,126.2,131.2,131.3,131.5,138.2,147.2,160.2
Valladolid,:,:,:,73.4,77.2,74.0,85.6,94.6,98.4,102.2,102.7,97.4,98.4,97.1,93.5,92.2,94.8,98.2,97.6,102.5
Palma de Mallorca,:,:,:,130.5,137.9,144.8,148.4,160.1,166.1,172.1,168.8,168.3,165.7,164.1,166.5,173.9,182.6,188.3,184.7,195.6
Vitoria/Gasteiz,:,:,:,52.4,54.8,58.9,57.9,59.2,59.5,64.9,63.7,63.6,63.1,60.7,61.6,62.0,62.6,64.6,62.6,64.4
Oviedo - Gijón,:,:,:,135.9,142.8,147.4,162.2,174.7,185.0,197.4,190.8,185.7,185.8,176.1,171.1,176.2,180.6,185.4,186.4,183.6
Pamplona/Iruña,:,:,:,93.5,100.1,101.9,112.9,117.2,119.0,122.7,119.3,121.5,123.7,120.5,114.2,118.8,119.3,120.2,123.2,129.0
Santander,:,:,:,75.2,81.7,84.8,94.1,102.2,107.7,110.5,109.5,105.1,106.9,105.5,100.1,103.4,102.3,107.3,110.2,107.7
Bilbao,:,:,:,178.3,185.8,190.7,206.5,220.4,221.1,223.0,216.2,221.9,228.9,220.9,213.2,211.9,211.3,218.4,224.8,230.6
Córdoba,:,:,:,:,:,:,:,:,:,:,114.0,111.7,110.4,103.5,102.2,102.2,110.0,113.1,110.0,111.3
Alicante/Alacant - Elche/Elx,:,:,:,225.3,233.1,271.2,278.4,294.3,303.2,319.5,306.9,296.8,296.7,272.4,272.1,288.7,303.3,318.7,328.7,328.0
Vigo,:,:,:,131.0,141.8,149.7,156.1,168.0,178.0,179.1,171.5,165.1,161.9,158.1,156.4,155.7,155.4,162.2,167.1,169.2
Santa Cruz de Tenerife,:,:,:,111.9,122.8,123.8,135.1,141.3,153.4,147.8,144.2,145.1,152.6,148.6,147.3,146.0,160.6,163.8,163.8,171.6
A Coruña,:,:,:,164.3,175.0,176.8,202.2,210.8,208.2,215.8,224.7,212.2,214.6,213.4,205.3,204.7,206.0,210.7,215.1,221.8
Granada,:,:,:,93.1,99.0,104.2,113.6,125.3,133.7,132.7,129.9,128.4,129.0,125.0,125.3,120.8,127.8,135.8,143.5,138.6
Guipúzcoa,:,:,:,:,:,:,:,:,:,:,139.5,140.8,141.1,133.3,128.7,130.0,135.4,136.5,131.2,141.7
Cádiz,:,:,:,:,:,:,:,:,:,:,159.3,162.7,160.4,156.0,143.6,142.3,151.0,146.3,160.1,164.0
Non-metropolitan regions in Spain,:,:,:,"1,708.0","1,810.6","1,877.9","2,065.2","2,187.9","2,298.6","2,339.6","1,866.7","1,875.3","1,864.1","1,786.9","1,769.3","1,778.1","1,811.7","1,859.2","1,902.8","1,962.0"
United Kingdom,"11,370.2","11,558.5","11,743.4","11,858.5","11,969.0","12,097.4","12,305.3","12,464.4","12,556.4","12,711.5","12,677.1","12,693.9","12,781.0","12,889.0","13,086.7","13,379.8","13,578.5","13,790.3","14,038.7","14,218.4"
London,:,:,:,:,:,:,:,:,:,:,:,"2,722.8","2,728.1","2,789.2","2,902.9","2,943.5","2,998.5","3,067.1","3,126.8","3,183.7"
West Midlands urban area,:,:,:,:,:,:,:,:,:,:,420.2,420.4,420.5,439.5,435.3,450.0,444.2,451.1,467.0,487.9
Leeds,:,:,:,:,:,:,:,:,:,:,349.6,346.8,334.0,345.3,346.8,356.5,367.8,376.4,378.0,379.4
Glasgow,:,:,:,:,:,:,:,:,:,:,:,:,:,:,395.1,393.6,419.4,424.2,421.7,430.0
Bradford,:,:,:,:,:,:,:,:,:,:,84.1,82.4,92.8,94.0,96.3,93.9,98.1,101.6,93.0,97.3
Liverpool,:,:,:,:,:,:,:,:,:,:,:,333.5,343.6,353.7,350.8,348.3,370.0,373.9,352.5,377.3
Edinburgh,:,:,:,:,:,:,:,:,:,:,:,:,:,:,205.1,202.5,200.3,198.8,209.8,207.3
Manchester,:,:,:,:,:,:,:,:,:,:,:,695.5,699.7,706.8,718.0,742.6,738.5,775.9,796.1,788.6
Cardiff,:,:,:,:,:,:,:,:,:,:,209.8,211.3,214.0,212.5,226.7,217.8,226.3,235.6,243.9,247.9
Sheffield,:,:,:,:,:,:,:,:,:,:,101.6,103.2,101.5,110.0,110.5,118.8,111.8,111.6,111.0,123.0
Bristol,:,:,:,:,:,:,:,:,:,:,229.8,224.1,222.3,224.1,233.4,230.4,247.5,247.3,256.7,275.9
Belfast,:,:,:,:,:,:,:,:,:,:,:,:,:,:,156.5,162.1,151.6,168.3,169.9,167.1
Newcastle upon Tyne,:,:,:,:,:,:,:,:,:,:,236.7,228.6,227.5,232.1,225.1,241.0,241.7,243.4,241.4,248.2
Leicester,:,:,:,:,:,:,:,:,:,:,273.5,270.0,265.3,273.3,255.6,276.4,283.9,301.2,290.6,292.1
Aberdeen,:,:,:,:,:,:,:,:,:,:,102.5,103.2,105.8,105.6,104.7,108.3,116.2,110.7,109.9,109.3
Cambridge,:,:,:,:,:,:,:,:,:,:,204.6,132.3,132.0,132.9,138.7,154.1,149.5,136.2,149.1,148.8
Exeter,:,:,:,:,:,:,:,:,:,:,15.2,151.9,151.8,150.8,150.9,152.6,159.4,159.5,164.9,171.9
Portsmouth,:,:,:,:,:,:,:,:,:,:,:,145.9,135.9,139.6,128.9,145.7,137.5,144.3,142.3,134.8
Coventry,:,:,:,:,:,:,:,:,:,:,170.1,174.0,172.1,174.0,167.5,177.8,187.8,186.3,197.3,199.1
Kingston upon Hull,:,:,:,:,:,:,:,:,:,:,114.1,117.3,119.5,117.2,119.3,115.3,116.8,119.8,121.8,130.7
Stoke-on-Trent,:,:,:,:,:,:,:,:,:,:,224.1,219.4,219.2,213.4,223.4,212.3,227.9,228.4,241.8,230.4
Nottingham,:,:,:,:,:,:,:,:,:,:,53.1,46.7,51.4,60.1,59.5,60.4,67.9,61.4,58.6,58.3
Kirklees,:,:,:,:,:,:,:,:,:,:,121.2,129.2,125.8,125.0,123.9,121.0,132.9,132.7,137.8,129.1
Doncaster,:,:,:,:,:,:,:,:,:,:,145.4,156.7,148.9,148.0,158.2,162.8,156.7,156.0,167.3,171.9
Sunderland,:,:,:,:,:,:,:,:,:,:,51.9,45.5,48.4,53.9,55.6,51.9,57.6,51.7,64.9,57.9
Medway,:,:,:,:,:,:,:,:,:,:,337.7,41.7,47.1,55.8,50.2,56.5,60.0,57.1,57.9,69.0
Brighton and Hove,:,:,:,:,:,:,:,:,:,:,203.5,59.5,59.6,63.2,67.7,59.8,58.7,62.9,72.2,71.6
Plymouth,:,:,:,:,:,:,:,:,:,:,32.3,54.5,53.1,49.3,48.8,55.1,59.7,58.4,60.2,56.3
Swansea,:,:,:,:,:,:,:,:,:,:,97.9,91.5,92.3,98.4,105.2,104.9,104.6,110.6,102.7,96.8
Derby,:,:,:,:,:,:,:,:,:,:,49.1,50.5,55.0,53.3,51.2,52.7,56.7,57.0,52.6,46.1
Southampton,:,:,:,:,:,:,:,:,:,:,:,156.1,158.2,152.5,163.2,161.8,163.1,164.0,167.0,175.1
Northampton,:,:,:,:,:,:,:,:,:,:,87.3,78.0,82.1,86.5,82.0,85.5,84.3,92.4,100.0,94.6
Bournemouth,:,:,:,:,:,:,:,:,:,:,60.0,71.6,68.2,68.0,75.0,66.9,67.6,67.7,81.3,74.2
Colchester,:,:,:,:,:,:,:,:,:,:,:,87.4,96.0,84.7,80.5,81.6,98.8,98.3,101.0,107.3
Blackburn - Blackpool - Preston,:,:,:,:,:,:,:,:,:,:,:,141.6,132.8,126.9,120.2,123.0,138.8,146.5,143.1,143.4
Middlesbrough,:,:,:,:,:,:,:,:,:,:,103.0,114.9,104.6,100.3,106.2,117.3,112.1,111.1,118.1,115.8
Oxford,:,:,:,:,:,:,:,:,:,:,142.2,133.6,134.0,145.3,141.1,149.9,155.8,153.2,158.2,164.0
Norwich,:,:,:,:,:,:,:,:,:,:,:,65.7,76.2,73.1,78.1,72.5,75.1,81.7,83.5,78.8
Cheshire West and Chester,:,:,:,:,:,:,:,:,:,:,134.0,125.5,123.2,126.2,132.7,129.3,128.6,129.2,129.8,135.3
Ipswich,:,:,:,:,:,:,:,:,:,:,231.6,147.3,157.4,163.6,147.7,158.1,152.2,156.5,157.4,160.7
Non-metropolitan regions in United Kingdom,:,:,:,:,:,:,:,:,:,:,:,:,:,:,"3,494.9","3,615.0","3,597.0","3,624.5","3,687.9","3,726.6"
